term_type,mutation_a,mutation_b,true_effect_log2
additive,I38R,,-0.1890
additive,Q40G,,-0.5463
additive,K42R,,-0.0014
additive,C50W,,0.9379
additive,Q74E,,-0.6977
additive,N82P,,1.3896
additive,S100T,,0.0170
additive,R101V,,-0.2460
additive,A104T,,-0.7931
additive,T128L,,-0.0518
additive,E132C,,0.2128
additive,K155F,,0.2527
additive,F160D,,-0.3760
additive,N164F,,0.3356
additive,Q168N,,0.3014
additive,I176P,,0.2657
additive,T189R,,-0.5408
additive,D216Y,,-0.6814
additive,F219T,,0.4549
additive,T228G,,0.9646
epistatic,I38R,C50W,0.4359
epistatic,Q40G,I176P,0.0285
epistatic,Q40G,T189R,0.7636
epistatic,K42R,R101V,0.3725
epistatic,K42R,K155F,1.5626
epistatic,K42R,N164F,1.1756
epistatic,K42R,F219T,-2.1325
epistatic,C50W,Q74E,0.8023
epistatic,C50W,E132C,-0.6692
epistatic,C50W,Q168N,-1.2566
epistatic,C50W,F219T,-1.1645
epistatic,Q74E,N82P,-0.5171
epistatic,Q74E,K155F,-0.7492
epistatic,Q74E,D216Y,1.0455
epistatic,N82P,I176P,-0.4973
epistatic,S100T,R101V,-1.1342
epistatic,S100T,A104T,0.2025
epistatic,S100T,Q168N,0.4652
epistatic,S100T,T189R,0.9278
epistatic,S100T,D216Y,0.8327
epistatic,S100T,T228G,0.0241
epistatic,R101V,E132C,-0.8318
epistatic,R101V,F160D,0.6382
epistatic,R101V,N164F,0.1826
epistatic,R101V,Q168N,0.9308
epistatic,R101V,D216Y,0.5421
epistatic,A104T,E132C,-0.9097
epistatic,A104T,K155F,0.0468
epistatic,A104T,I176P,-1.1256
epistatic,A104T,T189R,1.4711
epistatic,A104T,F219T,0.2744
epistatic,T128L,F160D,-0.0887
epistatic,E132C,F219T,-0.1490
epistatic,E132C,T228G,0.9032
epistatic,K155F,F160D,1.1341
epistatic,K155F,N164F,-0.0031
epistatic,K155F,Q168N,-0.2595
epistatic,K155F,D216Y,-0.3320
epistatic,K155F,F219T,-0.5972
epistatic,F160D,T189R,0.6440
epistatic,N164F,F219T,0.6594
epistatic,Q168N,T228G,-0.2581
epistatic,I176P,T189R,0.0964
epistatic,I176P,T228G,0.2106
epistatic,T189R,D216Y,0.4257
