variant,n_mutations,mutations,rep1_log2_activity,rep2_log2_activity,rep3_log2_activity
WT,0,none,-0.3350,0.0512,0.1085
A104T,1,A104T,-0.9562,-0.9409,-0.5747
C50W,1,C50W,0.8998,1.1754,0.7385
D216Y,1,D216Y,-0.6966,-0.3587,-0.8747
E132C,1,E132C,0.2778,0.3286,0.3578
F160D,1,F160D,-0.3046,-0.4601,-0.1442
F219T,1,F219T,0.2148,0.6950,0.5248
I176P,1,I176P,0.1342,0.2381,0.6878
I38R,1,I38R,-0.2098,-0.3438,-0.0069
K155F,1,K155F,0.3597,0.1823,-0.1849
K42R,1,K42R,0.0250,0.2561,-0.1930
N164F,1,N164F,0.0718,0.7951,0.3128
N82P,1,N82P,1.2245,1.5838,1.3825
Q168N,1,Q168N,0.1645,0.1785,0.5271
Q40G,1,Q40G,-0.5814,-0.5690,-0.4791
Q74E,1,Q74E,-0.3697,-0.7836,-0.8739
R101V,1,R101V,-0.3287,-0.3004,-0.2002
S100T,1,S100T,-0.0245,-0.0444,-0.3278
T128L,1,T128L,-0.1367,-0.0316,-0.2204
T189R,1,T189R,-0.7566,-0.4039,-0.7010
T228G,1,T228G,0.7999,0.9760,0.9210
A104T+D216Y,2,A104T;D216Y,-1.6921,-1.5009,-1.5752
A104T+F160D,2,A104T;F160D,-1.4002,-1.3887,-1.1096
A104T+F219T,2,A104T;F219T,0.2930,-0.3073,0.0240
A104T+K155F,2,A104T;K155F,-0.5019,-0.6890,-0.8171
A104T+Q168N,2,A104T;Q168N,-0.2643,-0.3993,-0.3553
A104T+T128L,2,A104T;T128L,-0.7744,-0.7910,-0.7960
A104T+T228G,2,A104T;T228G,0.4170,0.2955,-0.0670
C50W+D216Y,2,C50W;D216Y,0.6837,0.2382,0.1336
C50W+F160D,2,C50W;F160D,0.4495,0.4712,0.8577
C50W+F219T,2,C50W;F219T,0.3545,0.1683,0.1944
C50W+I176P,2,C50W;I176P,0.7550,1.1296,1.0267
C50W+K155F,2,C50W;K155F,1.0744,1.2380,1.2966
C50W+N82P,2,C50W;N82P,2.4697,2.4184,2.0826
C50W+Q168N,2,C50W;Q168N,0.0268,0.0831,-0.2916
C50W+Q74E,2,C50W;Q74E,1.1955,0.8734,1.0674
C50W+R101V,2,C50W;R101V,0.8277,0.8987,0.8826
C50W+S100T,2,C50W;S100T,0.7584,1.0103,0.8762
C50W+T128L,2,C50W;T128L,1.0022,0.5320,1.0062
C50W+T228G,2,C50W;T228G,1.8355,1.5519,2.0762
D216Y+F219T,2,D216Y;F219T,0.0236,-0.2299,-0.0175
D216Y+T228G,2,D216Y;T228G,0.4470,0.0816,0.2944
E132C+D216Y,2,E132C;D216Y,-0.4676,-0.3250,-0.4022
E132C+F160D,2,E132C;F160D,-0.2684,-0.1946,0.0008
E132C+F219T,2,E132C;F219T,0.8551,0.4616,0.8096
E132C+K155F,2,E132C;K155F,0.6834,0.4215,0.4848
E132C+Q168N,2,E132C;Q168N,0.7281,0.4947,1.0335
E132C+T189R,2,E132C;T189R,-0.2474,-0.0741,-0.4721
E132C+T228G,2,E132C;T228G,2.2530,2.0683,2.0668
F160D+I176P,2,F160D;I176P,-0.0921,-0.0856,0.1325
F160D+Q168N,2,F160D;Q168N,0.0748,-0.1066,0.2387
F160D+T189R,2,F160D;T189R,-0.1420,-0.4144,-0.5890
F160D+T228G,2,F160D;T228G,0.4696,0.3109,0.6010
F219T+T228G,2,F219T;T228G,1.4651,1.4516,1.5120
I176P+D216Y,2,I176P;D216Y,-0.5928,-0.6256,-0.2340
I176P+T228G,2,I176P;T228G,1.3131,1.1885,1.3166
I38R+A104T,2,I38R;A104T,-0.6977,-0.9507,-1.0700
I38R+C50W,2,I38R;C50W,1.2172,1.4056,1.1597
I38R+D216Y,2,I38R;D216Y,-0.9941,-0.8152,-1.0512
I38R+F160D,2,I38R;F160D,-0.7377,-0.6788,-0.5385
I38R+K155F,2,I38R;K155F,0.2103,0.0647,-0.2132
I38R+K42R,2,I38R;K42R,-0.4983,-0.0841,-0.4070
I38R+N164F,2,I38R;N164F,0.3560,0.3456,-0.2299
I38R+N82P,2,I38R;N82P,0.9332,1.1782,1.1830
I38R+Q40G,2,I38R;Q40G,-0.6326,-0.6660,-0.6848
I38R+Q74E,2,I38R;Q74E,-0.6293,-0.8426,-1.1807
I38R+T128L,2,I38R;T128L,-0.4424,-0.3748,0.1541
I38R+T189R,2,I38R;T189R,-0.7717,-0.4849,-0.7279
I38R+T228G,2,I38R;T228G,0.9284,0.5566,0.6074
K155F+D216Y,2,K155F;D216Y,-0.3731,-0.7331,-1.0385
K155F+F219T,2,K155F;F219T,0.1423,0.1366,0.0134
K155F+I176P,2,K155F;I176P,0.6805,0.6227,0.8127
K155F+N164F,2,K155F;N164F,0.8963,0.7949,0.4626
K155F+Q168N,2,K155F;Q168N,0.1279,0.3174,0.1451
K155F+T189R,2,K155F;T189R,-0.0770,-0.2092,-0.2755
K42R+A104T,2,K42R;A104T,-0.5735,-0.8938,-0.7962
K42R+E132C,2,K42R;E132C,0.4021,0.3884,-0.0538
K42R+F219T,2,K42R;F219T,-1.7433,-1.5538,-1.6760
K42R+K155F,2,K42R;K155F,1.9047,1.9875,1.8537
K42R+N164F,2,K42R;N164F,1.1810,1.3466,1.5583
K42R+N82P,2,K42R;N82P,1.5566,1.5432,1.3199
K42R+S100T,2,K42R;S100T,-0.2803,-0.1203,0.0008
K42R+T128L,2,K42R;T128L,-0.0761,-0.1047,0.2555
N164F+D216Y,2,N164F;D216Y,-0.3297,-0.4530,-0.1516
N164F+F219T,2,N164F;F219T,1.5385,1.4279,1.7252
N164F+Q168N,2,N164F;Q168N,0.4883,0.3815,0.3698
N164F+T189R,2,N164F;T189R,0.0149,0.0172,-0.1904
N82P+D216Y,2,N82P;D216Y,0.7561,0.8829,0.8565
N82P+E132C,2,N82P;E132C,1.2483,1.6114,1.4656
N82P+F219T,2,N82P;F219T,2.0198,1.9998,1.7843
N82P+N164F,2,N82P;N164F,1.7831,1.8226,1.5162
N82P+S100T,2,N82P;S100T,1.3572,1.5206,1.3244
Q168N+D216Y,2,Q168N;D216Y,-0.5097,-0.6655,-0.3320
Q168N+T189R,2,Q168N;T189R,-0.2490,-0.2898,-0.5517
Q168N+T228G,2,Q168N;T228G,1.2922,0.9226,1.2001
Q40G+A104T,2,Q40G;A104T,-1.4340,-1.0649,-1.4741
Q40G+D216Y,2,Q40G;D216Y,-1.4156,-1.1647,-1.4170
Q40G+F219T,2,Q40G;F219T,-0.0594,-0.2311,0.1626
Q40G+I176P,2,Q40G;I176P,-0.3627,-0.4959,-0.3456
Q40G+K155F,2,Q40G;K155F,-0.3711,-0.3007,-0.3983
Q40G+K42R,2,Q40G;K42R,-0.5346,-0.4961,-0.4397
Q40G+R101V,2,Q40G;R101V,-0.5935,-0.5290,-0.5245
Q40G+S100T,2,Q40G;S100T,-0.7216,-0.7934,-0.5942
Q40G+T128L,2,Q40G;T128L,-0.8291,-0.4794,-0.4886
Q40G+T189R,2,Q40G;T189R,-0.4137,-0.5125,-0.2497
Q40G+T228G,2,Q40G;T228G,0.3742,0.5073,0.5654
Q74E+A104T,2,Q74E;A104T,-1.5396,-1.3139,-1.5235
Q74E+D216Y,2,Q74E;D216Y,-0.3703,-0.1442,-0.2205
Q74E+E132C,2,Q74E;E132C,-0.7518,-0.1762,-0.6101
Q74E+F160D,2,Q74E;F160D,-1.1446,-1.0268,-0.9514
Q74E+I176P,2,Q74E;I176P,-0.4066,-0.0020,-0.6559
Q74E+K155F,2,Q74E;K155F,-1.1924,-1.5123,-0.9362
Q74E+N82P,2,Q74E;N82P,0.3287,0.2195,0.2641
Q74E+R101V,2,Q74E;R101V,-1.0531,-0.7223,-1.1948
Q74E+S100T,2,Q74E;S100T,-0.6524,-1.0164,-0.6365
Q74E+T128L,2,Q74E;T128L,-0.6890,-0.7273,-0.6559
Q74E+T228G,2,Q74E;T228G,0.4031,-0.0759,0.4758
R101V+D216Y,2,R101V;D216Y,-0.1795,-0.5128,-0.1533
R101V+F160D,2,R101V;F160D,0.2194,-0.0490,0.2123
R101V+F219T,2,R101V;F219T,0.5575,0.0717,0.5092
R101V+K155F,2,R101V;K155F,0.0811,0.0664,0.1512
R101V+T128L,2,R101V;T128L,-0.6116,-0.2903,0.0243
R101V+T189R,2,R101V;T189R,-0.6321,-0.8801,-1.0346
R101V+T228G,2,R101V;T228G,0.8232,0.3195,0.6789
S100T+A104T,2,S100T;A104T,-0.4597,-0.6892,-0.8328
S100T+D216Y,2,S100T;D216Y,0.1531,-0.1256,0.3415
S100T+F219T,2,S100T;F219T,0.3967,0.4219,0.5920
S100T+K155F,2,S100T;K155F,0.3077,0.3992,0.2533
S100T+N164F,2,S100T;N164F,0.2762,0.6102,0.3006
S100T+Q168N,2,S100T;Q168N,0.9350,0.5498,1.0596
S100T+T128L,2,S100T;T128L,-0.0399,-0.3890,0.0745
S100T+T189R,2,S100T;T189R,0.3526,0.4470,0.0870
S100T+T228G,2,S100T;T228G,0.8701,0.8758,1.1070
T128L+D216Y,2,T128L;D216Y,-0.5341,-1.0642,-0.6651
T128L+E132C,2,T128L;E132C,0.3780,0.0022,-0.0481
T128L+F160D,2,T128L;F160D,-0.5630,-0.4400,-0.4803
T128L+K155F,2,T128L;K155F,0.0234,0.1362,0.2162
T128L+Q168N,2,T128L;Q168N,0.1861,0.4634,-0.3445
T128L+T189R,2,T128L;T189R,-0.6405,-0.8731,-0.8948
T128L+T228G,2,T128L;T228G,0.5931,0.7562,0.7152
T189R+D216Y,2,T189R;D216Y,-0.6522,-0.9871,-0.9122
A104T+D216Y+F219T,3,A104T;D216Y;F219T,-0.6897,-0.5083,-0.7605
A104T+F160D+T189R,3,A104T;F160D;T189R,0.2814,0.0499,0.0017
A104T+I176P+F219T,3,A104T;I176P;F219T,-0.6947,-0.7681,-0.7915
A104T+K155F+F160D,3,A104T;K155F;F160D,0.2309,-0.0351,0.2594
A104T+K155F+N164F,3,A104T;K155F;N164F,-0.3752,-0.1072,-0.0114
A104T+N164F+F219T,3,A104T;N164F;F219T,0.8975,0.5261,0.7324
A104T+Q168N+I176P,3,A104T;Q168N;I176P,-1.5707,-1.6489,-1.6095
A104T+T128L+E132C,3,A104T;T128L;E132C,-1.6422,-1.5461,-1.3394
A104T+T128L+N164F,3,A104T;T128L;N164F,-0.0024,-0.4692,-0.5134
A104T+T128L+Q168N,3,A104T;T128L;Q168N,-0.1696,-0.5350,-0.4517
C50W+A104T+F160D,3,C50W;A104T;F160D,0.2506,-0.2584,-0.3661
C50W+A104T+K155F,3,C50W;A104T;K155F,0.5635,0.4171,0.5500
C50W+A104T+Q168N,3,C50W;A104T;Q168N,-0.4579,-1.1796,-0.8235
C50W+E132C+K155F,3,C50W;E132C;K155F,0.3791,0.4038,0.7806
C50W+F160D+D216Y,3,C50W;F160D;D216Y,0.1215,-0.2227,-0.0790
C50W+F160D+F219T,3,C50W;F160D;F219T,-0.2331,-0.3633,-0.1784
C50W+I176P+F219T,3,C50W;I176P;F219T,0.5249,0.5538,0.4978
C50W+K155F+F219T,3,C50W;K155F;F219T,0.0002,-0.1454,-0.5508
C50W+K155F+N164F,3,C50W;K155F;N164F,1.6169,1.4528,1.6107
C50W+N164F+F219T,3,C50W;N164F;F219T,0.8589,1.1412,1.1416
C50W+N82P+I176P,3,C50W;N82P;I176P,2.3128,1.9751,2.0626
C50W+N82P+Q168N,3,C50W;N82P;Q168N,1.1438,1.6058,1.4404
C50W+Q168N+F219T,3,C50W;Q168N;F219T,-0.7241,-0.7116,-0.6530
C50W+Q74E+F160D,3,C50W;Q74E;F160D,0.7118,0.7863,0.5226
C50W+Q74E+K155F,3,C50W;Q74E;K155F,0.5683,0.3806,0.6000
C50W+Q74E+R101V,3,C50W;Q74E;R101V,1.0017,0.5155,0.8539
C50W+R101V+D216Y,3,C50W;R101V;D216Y,0.6427,0.6797,0.8313
C50W+R101V+F160D,3,C50W;R101V;F160D,1.2550,0.7346,0.7868
C50W+R101V+F219T,3,C50W;R101V;F219T,-0.0698,0.0145,-0.1407
C50W+R101V+I176P,3,C50W;R101V;I176P,0.9228,0.9449,0.8615
C50W+S100T+T189R,3,C50W;S100T;T189R,1.0583,0.7509,1.2924
C50W+T128L+E132C,3,C50W;T128L;E132C,0.3477,0.2258,0.5537
C50W+T189R+T228G,3,C50W;T189R;T228G,1.3369,1.4768,1.1698
D216Y+F219T+T228G,3,D216Y;F219T;T228G,0.6544,0.8804,0.4498
E132C+F160D+D216Y,3,E132C;F160D;D216Y,-1.0145,-0.7290,-0.8397
E132C+F160D+I176P,3,E132C;F160D;I176P,0.0253,-0.1886,0.3587
E132C+F160D+T228G,3,E132C;F160D;T228G,1.9335,1.8557,1.8327
E132C+I176P+D216Y,3,E132C;I176P;D216Y,-0.1975,-0.2980,-0.3555
E132C+I176P+T189R,3,E132C;I176P;T189R,0.0190,0.1406,-0.1442
E132C+I176P+T228G,3,E132C;I176P;T228G,2.7930,2.6011,2.6274
E132C+K155F+D216Y,3,E132C;K155F;D216Y,-0.7505,-0.4760,-0.0606
E132C+K155F+F219T,3,E132C;K155F;F219T,-0.1406,0.2160,0.5113
E132C+N164F+D216Y,3,E132C;N164F;D216Y,-0.0654,-0.2812,0.2485
E132C+T189R+D216Y,3,E132C;T189R;D216Y,-0.6273,-0.5003,-0.5125
F160D+D216Y+F219T,3,F160D;D216Y;F219T,-0.6482,-0.6703,-0.5989
F160D+I176P+T189R,3,F160D;I176P;T189R,0.1206,0.0596,0.3243
F160D+Q168N+D216Y,3,F160D;Q168N;D216Y,-0.7693,-0.7587,-0.7842
F160D+Q168N+T228G,3,F160D;Q168N;T228G,0.7869,0.4472,0.6618
I38R+A104T+I176P,3,I38R;A104T;I176P,-1.8300,-2.0379,-1.9945
I38R+C50W+I176P,3,I38R;C50W;I176P,1.1184,1.4513,1.4571
I38R+C50W+N164F,3,I38R;C50W;N164F,1.6627,1.5903,1.5933
I38R+C50W+Q74E,3,I38R;C50W;Q74E,1.4494,1.2748,1.2971
I38R+C50W+R101V,3,I38R;C50W;R101V,1.0532,0.8211,1.1026
I38R+E132C+F160D,3,I38R;E132C;F160D,-0.4162,-0.2164,-0.0932
I38R+E132C+K155F,3,I38R;E132C;K155F,0.2748,0.4287,-0.1077
I38R+F160D+T228G,3,I38R;F160D;T228G,0.4613,0.2722,0.5911
I38R+I176P+T228G,3,I38R;I176P;T228G,1.0285,1.5122,1.2026
I38R+K155F+D216Y,3,I38R;K155F;D216Y,-1.2669,-0.8359,-0.7798
I38R+K155F+F219T,3,I38R;K155F;F219T,0.1507,-0.3813,-0.1036
I38R+K155F+T189R,3,I38R;K155F;T189R,-0.7541,-0.5779,-0.3315
I38R+K42R+F160D,3,I38R;K42R;F160D,-0.8400,-0.7609,-0.4065
I38R+K42R+K155F,3,I38R;K42R;K155F,1.6500,1.9022,1.5361
I38R+N164F+T189R,3,I38R;N164F;T189R,-0.4364,-0.4993,-0.5041
I38R+N82P+F219T,3,I38R;N82P;F219T,1.3229,1.3537,1.9263
I38R+N82P+N164F,3,I38R;N82P;N164F,1.5878,1.6451,1.2647
I38R+N82P+T128L,3,I38R;N82P;T128L,1.2753,0.9112,1.1369
I38R+Q168N+D216Y,3,I38R;Q168N;D216Y,-0.7426,-0.4903,-0.6976
I38R+Q168N+F219T,3,I38R;Q168N;F219T,0.6219,0.3280,0.4449
I38R+Q168N+I176P,3,I38R;Q168N;I176P,0.1769,0.4243,0.7604
I38R+Q74E+I176P,3,I38R;Q74E;I176P,-0.5986,-0.7693,-0.7217
I38R+Q74E+K155F,3,I38R;Q74E;K155F,-1.4771,-1.5909,-1.6037
I38R+R101V+F219T,3,I38R;R101V;F219T,0.1787,-0.2565,0.0705
I38R+T128L+I176P,3,I38R;T128L;I176P,0.0603,-0.1432,-0.1527
I38R+T128L+Q168N,3,I38R;T128L;Q168N,-0.3085,0.1507,0.1080
I38R+T128L+T228G,3,I38R;T128L;T228G,0.7754,0.6129,0.9266
K155F+F160D+Q168N,3,K155F;F160D;Q168N,1.1038,1.5046,0.9007
K155F+I176P+F219T,3,K155F;I176P;F219T,0.0619,0.0598,0.5521
K155F+N164F+I176P,3,K155F;N164F;I176P,1.0480,0.8880,0.9871
K155F+Q168N+F219T,3,K155F;Q168N;F219T,0.2667,0.1118,-0.0732
K155F+Q168N+T189R,3,K155F;Q168N;T189R,-0.0665,-0.2537,0.1022
K42R+C50W+D216Y,3,K42R;C50W;D216Y,-0.0602,0.2883,0.2077
K42R+C50W+N82P,3,K42R;C50W;N82P,2.3911,2.4767,2.3552
K42R+E132C+D216Y,3,K42R;E132C;D216Y,-0.0879,-0.8661,-0.6910
K42R+K155F+D216Y,3,K42R;K155F;D216Y,0.6919,0.8350,1.0130
K42R+K155F+N164F,3,K42R;K155F;N164F,3.3514,3.4971,3.2791
K42R+N164F+I176P,3,K42R;N164F;I176P,1.6557,1.8299,1.5520
K42R+N164F+T189R,3,K42R;N164F;T189R,1.0648,1.1006,1.0804
K42R+N82P+D216Y,3,K42R;N82P;D216Y,0.6460,0.3089,0.8719
K42R+N82P+T128L,3,K42R;N82P;T128L,1.4587,1.3199,1.2494
K42R+Q74E+I176P,3,K42R;Q74E;I176P,-0.3975,-0.5587,-0.2777
K42R+Q74E+K155F,3,K42R;Q74E;K155F,-0.1149,0.2781,0.4025
K42R+Q74E+S100T,3,K42R;Q74E;S100T,-0.8171,-0.3143,-0.4629
K42R+Q74E+T189R,3,K42R;Q74E;T189R,-1.3931,-1.0920,-1.1083
K42R+R101V+A104T,3,K42R;R101V;A104T,-0.6951,-0.8960,-0.3615
K42R+R101V+I176P,3,K42R;R101V;I176P,0.8276,0.4058,0.8356
K42R+R101V+T228G,3,K42R;R101V;T228G,0.8351,0.9865,1.3865
K42R+S100T+N164F,3,K42R;S100T;N164F,1.6342,1.3502,1.6702
K42R+T128L+K155F,3,K42R;T128L;K155F,1.9463,1.5704,1.5606
K42R+T128L+T228G,3,K42R;T128L;T228G,1.1389,0.9194,0.9212
N82P+D216Y+F219T,3,N82P;D216Y;F219T,0.9990,1.2361,1.0914
N82P+E132C+I176P,3,N82P;E132C;I176P,1.1514,1.3176,1.0581
N82P+F160D+D216Y,3,N82P;F160D;D216Y,-0.0068,0.4946,0.4451
N82P+F160D+F219T,3,N82P;F160D;F219T,1.2124,1.4875,1.3982
N82P+K155F+F219T,3,N82P;K155F;F219T,1.4800,1.6339,1.8563
N82P+N164F+T189R,3,N82P;N164F;T189R,1.2359,1.4177,1.0827
N82P+R101V+A104T,3,N82P;R101V;A104T,0.5470,0.4118,0.6032
N82P+R101V+F160D,3,N82P;R101V;F160D,1.0544,1.5347,1.2837
N82P+R101V+I176P,3,N82P;R101V;I176P,0.8908,0.7616,1.1260
N82P+R101V+K155F,3,N82P;R101V;K155F,1.4088,1.4238,1.4400
N82P+R101V+T128L,3,N82P;R101V;T128L,1.2001,0.9926,0.8950
N82P+S100T+N164F,3,N82P;S100T;N164F,1.5142,1.8953,1.6697
N82P+S100T+T189R,3,N82P;S100T;T189R,1.7113,1.7737,1.8625
N82P+S100T+T228G,3,N82P;S100T;T228G,2.4270,2.5916,2.5182
N82P+T128L+K155F,3,N82P;T128L;K155F,1.5931,1.7069,1.9054
Q168N+D216Y+F219T,3,Q168N;D216Y;F219T,0.1708,-0.0020,0.0188
Q168N+I176P+D216Y,3,Q168N;I176P;D216Y,-0.1165,0.0633,-0.2166
Q168N+I176P+T189R,3,Q168N;I176P;T189R,0.3671,0.1607,-0.0059
Q168N+I176P+T228G,3,Q168N;I176P;T228G,1.8322,1.6656,1.2311
Q168N+T189R+T228G,3,Q168N;T189R;T228G,0.4469,0.3542,-0.1063
Q40G+C50W+K155F,3,Q40G;C50W;K155F,0.8386,0.4566,0.3920
Q40G+C50W+N82P,3,Q40G;C50W;N82P,1.6269,1.7436,2.0059
Q40G+C50W+Q168N,3,Q40G;C50W;Q168N,-0.7028,-0.7963,-0.5208
Q40G+C50W+R101V,3,Q40G;C50W;R101V,0.2792,0.0359,0.0875
Q40G+C50W+S100T,3,Q40G;C50W;S100T,0.2708,0.4805,0.6402
Q40G+D216Y+F219T,3,Q40G;D216Y;F219T,-0.7282,-1.0008,-0.7612
Q40G+E132C+D216Y,3,Q40G;E132C;D216Y,-1.3177,-1.0231,-1.0136
Q40G+E132C+F219T,3,Q40G;E132C;F219T,0.1454,-0.2066,0.1988
Q40G+F160D+T189R,3,Q40G;F160D;T189R,0.0339,-0.0561,-0.0182
Q40G+I176P+T189R,3,Q40G;I176P;T189R,0.1044,-0.2613,0.0010
Q40G+K42R+N82P,3,Q40G;K42R;N82P,0.7673,0.5806,0.6631
Q40G+N164F+D216Y,3,Q40G;N164F;D216Y,-0.7390,-1.2057,-1.2420
Q40G+N164F+T228G,3,Q40G;N164F;T228G,0.9335,1.1401,0.7444
Q40G+N82P+T128L,3,Q40G;N82P;T128L,1.0330,0.5897,0.4337
Q40G+Q168N+T228G,3,Q40G;Q168N;T228G,0.2280,0.3585,0.6532
Q40G+Q74E+K155F,3,Q40G;Q74E;K155F,-1.9396,-1.6438,-1.7480
Q40G+R101V+F160D,3,Q40G;R101V;F160D,-0.6073,-0.6363,-0.5432
Q40G+R101V+K155F,3,Q40G;R101V;K155F,-0.9310,-0.6641,-0.3246
Q40G+S100T+I176P,3,Q40G;S100T;I176P,-0.2157,-0.1427,-0.2210
Q40G+T128L+D216Y,3,Q40G;T128L;D216Y,-1.2797,-1.4235,-1.4697
Q40G+T128L+I176P,3,Q40G;T128L;I176P,-0.2355,-0.4057,-0.4926
Q74E+F160D+I176P,3,Q74E;F160D;I176P,-1.1129,-0.5429,-0.9768
Q74E+F160D+T189R,3,Q74E;F160D;T189R,-1.0466,-0.5437,-1.0313
Q74E+F160D+T228G,3,Q74E;F160D;T228G,0.1117,-0.1721,-0.2592
Q74E+K155F+D216Y,3,Q74E;K155F;D216Y,-1.1456,-1.1997,-1.0920
Q74E+K155F+N164F,3,Q74E;K155F;N164F,-0.8329,-1.0748,-0.6948
Q74E+K155F+Q168N,3,Q74E;K155F;Q168N,-1.2611,-1.3602,-1.3766
Q74E+K155F+T228G,3,Q74E;K155F;T228G,0.0192,-0.3031,0.0304
Q74E+N82P+A104T,3,Q74E;N82P;A104T,-0.7311,-0.7039,-0.6603
Q74E+N82P+F219T,3,Q74E;N82P;F219T,0.2909,0.6195,0.7372
Q74E+N82P+T189R,3,Q74E;N82P;T189R,-0.1909,-0.6600,-0.1057
Q74E+Q168N+I176P,3,Q74E;Q168N;I176P,0.0026,-0.3310,-0.2654
Q74E+Q168N+T189R,3,Q74E;Q168N;T189R,-0.8993,-1.1066,-1.0800
Q74E+R101V+A104T,3,Q74E;R101V;A104T,-1.5916,-1.4786,-1.6580
Q74E+R101V+D216Y,3,Q74E;R101V;D216Y,0.0932,0.0215,0.0060
Q74E+R101V+E132C,3,Q74E;R101V;E132C,-1.8537,-1.5095,-1.6080
Q74E+S100T+A104T,3,Q74E;S100T;A104T,-1.2533,-1.2239,-1.6187
Q74E+S100T+D216Y,3,Q74E;S100T;D216Y,0.5038,0.4867,0.2820
Q74E+S100T+F219T,3,Q74E;S100T;F219T,-0.0457,-0.0205,-0.0896
Q74E+S100T+K155F,3,Q74E;S100T;K155F,-1.3675,-1.0611,-1.1578
Q74E+S100T+T189R,3,Q74E;S100T;T189R,-0.2706,0.0191,-0.0773
Q74E+T128L+D216Y,3,Q74E;T128L;D216Y,-0.1564,-0.2252,-0.2763
Q74E+T128L+K155F,3,Q74E;T128L;K155F,-1.4214,-1.2722,-1.3864
R101V+A104T+F219T,3,R101V;A104T;F219T,-0.2690,-0.3831,-0.0109
R101V+D216Y+F219T,3,R101V;D216Y;F219T,0.3207,-0.1710,0.1238
R101V+E132C+F219T,3,R101V;E132C;F219T,-0.4694,-0.6920,-0.4296
R101V+E132C+T228G,3,R101V;E132C;T228G,0.9763,0.6041,1.0357
R101V+F160D+D216Y,3,R101V;F160D;D216Y,-0.0730,-0.2645,0.2187
R101V+F160D+N164F,3,R101V;F160D;N164F,0.5911,0.9219,0.3839
R101V+N164F+D216Y,3,R101V;N164F;D216Y,0.2118,0.2062,0.1760
R101V+N164F+Q168N,3,R101V;N164F;Q168N,1.2438,1.6319,1.6253
R101V+N164F+T189R,3,R101V;N164F;T189R,-0.1894,0.0229,-0.0139
R101V+Q168N+T189R,3,R101V;Q168N;T189R,0.1955,0.7540,0.4784
S100T+A104T+T228G,3,S100T;A104T;T228G,0.6225,0.5399,0.2617
S100T+E132C+F219T,3,S100T;E132C;F219T,0.2479,0.4906,0.2625
S100T+E132C+I176P,3,S100T;E132C;I176P,0.4892,0.6243,0.6120
S100T+E132C+T189R,3,S100T;E132C;T189R,0.7511,0.6085,0.4455
S100T+F160D+Q168N,3,S100T;F160D;Q168N,0.5139,0.4313,0.3758
S100T+F160D+T228G,3,S100T;F160D;T228G,0.9962,0.5220,0.8146
S100T+I176P+T228G,3,S100T;I176P;T228G,1.2897,1.1846,1.4660
S100T+K155F+N164F,3,S100T;K155F;N164F,0.5403,0.4636,0.6127
S100T+K155F+Q168N,3,S100T;K155F;Q168N,0.6462,0.9107,0.6263
S100T+N164F+F219T,3,S100T;N164F;F219T,1.4912,1.3073,1.4361
S100T+N164F+I176P,3,S100T;N164F;I176P,0.4874,0.6295,0.6318
S100T+Q168N+I176P,3,S100T;Q168N;I176P,0.7658,1.1229,0.8618
S100T+T128L+I176P,3,S100T;T128L;I176P,0.2164,0.3629,0.1824
S100T+T128L+T189R,3,S100T;T128L;T189R,0.3081,0.6407,0.0050
T128L+E132C+Q168N,3,T128L;E132C;Q168N,0.5968,0.3689,0.6908
T128L+E132C+T189R,3,T128L;E132C;T189R,-0.4850,-0.4256,-0.4531
T128L+E132C+T228G,3,T128L;E132C;T228G,2.0419,1.9611,1.8834
T128L+F160D+F219T,3,T128L;F160D;F219T,0.0039,-0.0933,0.2172
T128L+F160D+Q168N,3,T128L;F160D;Q168N,-0.5222,0.0087,0.1459
T128L+I176P+T189R,3,T128L;I176P;T189R,0.1270,-0.4501,-0.2862
T128L+K155F+D216Y,3,T128L;K155F;D216Y,-0.9789,-0.7197,-0.5453
T128L+N164F+D216Y,3,T128L;N164F;D216Y,-0.2828,-0.0824,-0.3765
T128L+N164F+T189R,3,T128L;N164F;T189R,0.0211,-0.0321,-0.4912
T128L+N164F+T228G,3,T128L;N164F;T228G,1.3368,1.4569,1.1682
T128L+Q168N+T228G,3,T128L;Q168N;T228G,1.0483,0.6765,0.9089
T128L+T189R+T228G,3,T128L;T189R;T228G,0.3795,0.4925,0.3105
T189R+D216Y+F219T,3,T189R;D216Y;F219T,-0.2944,-0.4190,-0.3863
T189R+F219T+T228G,3,T189R;F219T;T228G,0.9231,0.9540,1.0347
A104T+E132C+I176P+F219T,4,A104T;E132C;I176P;F219T,-1.5274,-1.5925,-1.7954
A104T+I176P+T189R+T228G,4,A104T;I176P;T189R;T228G,0.6124,0.3338,0.4765
A104T+K155F+F160D+T189R,4,A104T;K155F;F160D;T189R,2.0061,2.0381,1.7582
A104T+N164F+I176P+T228G,4,A104T;N164F;I176P;T228G,-0.0895,-0.2084,-0.4199
A104T+N164F+Q168N+D216Y,4,A104T;N164F;Q168N;D216Y,-0.7053,-1.1591,-0.7998
A104T+T128L+E132C+F219T,4,A104T;T128L;E132C;F219T,-1.0680,-0.6018,-1.2371
A104T+T128L+E132C+Q168N,4,A104T;T128L;E132C;Q168N,-1.3621,-0.8698,-1.2233
A104T+T128L+K155F+T228G,4,A104T;T128L;K155F;T228G,0.1341,0.4825,0.4090
C50W+A104T+D216Y+F219T,4,C50W;A104T;D216Y;F219T,-0.6404,-0.7596,-0.9735
C50W+N82P+A104T+Q168N,4,C50W;N82P;A104T;Q168N,0.7573,0.6098,0.2127
C50W+N82P+E132C+F219T,4,C50W;N82P;E132C;F219T,0.9423,0.8999,1.0679
C50W+N82P+F219T+T228G,4,C50W;N82P;F219T;T228G,2.7103,2.8299,2.4268
C50W+N82P+I176P+D216Y,4,C50W;N82P;I176P;D216Y,1.4766,1.3776,1.4920
C50W+N82P+T128L+T189R,4,C50W;N82P;T128L;T189R,1.5853,1.7183,1.8799
C50W+S100T+A104T+D216Y,4,C50W;S100T;A104T;D216Y,0.4559,0.5464,0.0852
C50W+S100T+Q168N+F219T,4,C50W;S100T;Q168N;F219T,-0.2547,-0.1356,-0.2842
F160D+I176P+D216Y+T228G,4,F160D;I176P;D216Y;T228G,0.8422,0.3727,0.2945
I38R+A104T+K155F+D216Y,4,I38R;A104T;K155F;D216Y,-1.4860,-1.6133,-1.9291
I38R+A104T+N164F+T228G,4,I38R;A104T;N164F;T228G,0.1183,0.1072,0.1722
I38R+C50W+I176P+T189R,4,I38R;C50W;I176P;T189R,1.1245,1.2034,0.9164
I38R+C50W+K155F+I176P,4,I38R;C50W;K155F;I176P,1.8119,1.7985,1.4897
I38R+K155F+I176P+D216Y,4,I38R;K155F;I176P;D216Y,-0.9052,-0.6599,-0.7673
I38R+K155F+Q168N+T228G,4,I38R;K155F;Q168N;T228G,0.5599,0.6421,0.5186
I38R+K42R+E132C+K155F,4,I38R;K42R;E132C;K155F,1.9594,1.6612,1.9290
I38R+K42R+F160D+D216Y,4,I38R;K42R;F160D;D216Y,-1.2250,-1.1630,-1.1231
I38R+N82P+E132C+T228G,4,I38R;N82P;E132C;T228G,2.8693,3.3380,3.3779
I38R+N82P+N164F+Q168N,4,I38R;N82P;N164F;Q168N,1.9747,1.8961,1.6970
I38R+Q40G+E132C+T189R,4,I38R;Q40G;E132C;T189R,-0.0940,0.0072,-0.3035
I38R+Q40G+K42R+F219T,4,I38R;Q40G;K42R;F219T,-2.3353,-2.5812,-2.2227
I38R+Q40G+K42R+S100T,4,I38R;Q40G;K42R;S100T,-0.5588,-0.4224,-0.7967
I38R+Q40G+N164F+I176P,4,I38R;Q40G;N164F;I176P,-0.0730,0.0454,-0.0839
I38R+Q40G+S100T+K155F,4,I38R;Q40G;S100T;K155F,-0.6700,-0.5788,-0.3278
I38R+Q74E+F160D+D216Y,4,I38R;Q74E;F160D;D216Y,-0.5894,-0.8246,-0.9738
I38R+Q74E+N82P+N164F,4,I38R;Q74E;N82P;N164F,0.3993,0.2386,0.1809
I38R+Q74E+R101V+F160D,4,I38R;Q74E;R101V;F160D,-0.5216,-1.3777,-0.7515
I38R+Q74E+S100T+F219T,4,I38R;Q74E;S100T;F219T,-0.3782,-0.4706,-0.3043
I38R+R101V+A104T+F219T,4,I38R;R101V;A104T;F219T,-0.6274,-0.6046,-0.3327
I38R+R101V+I176P+T189R,4,I38R;R101V;I176P;T189R,-0.2101,-0.3897,-0.6465
I38R+R101V+T128L+F160D,4,I38R;R101V;T128L;F160D,-0.9328,-0.3909,-0.4115
I38R+R101V+T189R+T228G,4,I38R;R101V;T189R;T228G,-0.1117,-0.1933,-0.1643
I38R+T128L+F160D+D216Y,4,I38R;T128L;F160D;D216Y,-1.3370,-1.4982,-1.0764
I38R+T128L+N164F+T189R,4,I38R;T128L;N164F;T189R,-0.3757,-0.5848,0.0090
I38R+T128L+T189R+F219T,4,I38R;T128L;T189R;F219T,-0.2522,-0.2295,-0.4487
K155F+T189R+D216Y+F219T,4,K155F;T189R;D216Y;F219T,-1.4055,-1.1791,-0.7280
K42R+C50W+D216Y+F219T,4,K42R;C50W;D216Y;F219T,-2.4711,-2.7316,-2.3919
K42R+C50W+E132C+I176P,4,K42R;C50W;E132C;I176P,0.9476,0.3482,0.6735
K42R+C50W+K155F+T189R,4,K42R;C50W;K155F;T189R,2.0320,1.9940,2.3936
K42R+C50W+N82P+D216Y,4,K42R;C50W;N82P;D216Y,1.8610,1.7416,1.6101
K42R+C50W+Q74E+I176P,4,K42R;C50W;Q74E;I176P,1.4136,1.2657,1.1490
K42R+C50W+S100T+Q168N,4,K42R;C50W;S100T;Q168N,0.5153,0.6042,0.4322
K42R+E132C+F160D+Q168N,4,K42R;E132C;F160D;Q168N,0.2262,0.2931,0.1658
K42R+E132C+Q168N+D216Y,4,K42R;E132C;Q168N;D216Y,-0.2759,-0.1557,-0.0723
K42R+F160D+I176P+F219T,4,K42R;F160D;I176P;F219T,-1.6060,-1.6142,-1.7326
K42R+K155F+T189R+T228G,4,K42R;K155F;T189R;T228G,2.5224,2.2321,2.1806
K42R+N82P+A104T+K155F,4,K42R;N82P;A104T;K155F,2.6405,2.2379,2.4117
K42R+N82P+R101V+T189R,4,K42R;N82P;R101V;T189R,0.9136,0.7474,0.7710
K42R+Q74E+F160D+T228G,4,K42R;Q74E;F160D;T228G,-0.3641,0.0628,-0.0486
K42R+Q74E+S100T+D216Y,4,K42R;Q74E;S100T;D216Y,0.3574,0.7407,0.4723
K42R+Q74E+T128L+F219T,4,K42R;Q74E;T128L;F219T,-2.3350,-2.5469,-2.1903
K42R+R101V+A104T+E132C,4,K42R;R101V;A104T;E132C,-2.3356,-2.2319,-2.2804
K42R+R101V+A104T+K155F,4,K42R;R101V;A104T;K155F,1.2095,1.4177,1.2737
K42R+R101V+E132C+F160D,4,K42R;R101V;E132C;F160D,-0.3946,-0.2704,-0.1826
K42R+S100T+E132C+F219T,4,K42R;S100T;E132C;F219T,-1.5125,-1.5609,-1.7662
K42R+S100T+R101V+T228G,4,K42R;S100T;R101V;T228G,0.1450,0.3792,-0.0441
N164F+Q168N+T189R+T228G,4,N164F;Q168N;T189R;T228G,0.7484,0.8539,0.8079
N82P+A104T+K155F+I176P,4,N82P;A104T;K155F;I176P,-0.3389,-0.7126,-0.7030
N82P+E132C+N164F+T228G,4,N82P;E132C;N164F;T228G,3.4941,3.6230,4.0365
N82P+R101V+F219T+T228G,4,N82P;R101V;F219T;T228G,2.6261,2.3701,2.7795
N82P+R101V+Q168N+T228G,4,N82P;R101V;Q168N;T228G,3.2040,3.0856,3.0427
N82P+S100T+R101V+K155F,4,N82P;S100T;R101V;K155F,0.5240,0.4730,0.3641
N82P+S100T+T128L+E132C,4,N82P;S100T;T128L;E132C,1.4780,1.6181,1.6773
Q40G+A104T+K155F+T228G,4,Q40G;A104T;K155F;T228G,0.1536,-0.3336,0.0999
Q40G+C50W+S100T+A104T,4,Q40G;C50W;S100T;A104T,-0.3060,-0.5129,0.0105
Q40G+F160D+I176P+F219T,4,Q40G;F160D;I176P;F219T,0.1547,-0.5972,0.0446
Q40G+K155F+N164F+T228G,4,Q40G;K155F;N164F;T228G,0.8949,0.7626,1.0817
Q40G+K42R+C50W+T128L,4,Q40G;K42R;C50W;T128L,0.0848,0.2979,0.3672
Q40G+K42R+C50W+T189R,4,Q40G;K42R;C50W;T189R,0.3831,0.5525,0.7285
Q40G+K42R+F160D+I176P,4,Q40G;K42R;F160D;I176P,-0.7832,-0.7907,-0.5882
Q40G+K42R+R101V+I176P,4,Q40G;K42R;R101V;I176P,-0.1225,-0.0799,-0.0662
Q40G+N164F+I176P+F219T,4,Q40G;N164F;I176P;F219T,1.1818,1.3244,1.2393
Q40G+N164F+I176P+T189R,4,Q40G;N164F;I176P;T189R,0.6912,0.5847,0.3765
Q40G+Q74E+E132C+T189R,4,Q40G;Q74E;E132C;T189R,-0.6813,-0.8085,-0.9406
Q40G+Q74E+S100T+T189R,4,Q40G;Q74E;S100T;T189R,-0.0838,-0.1194,0.1201
Q40G+S100T+F160D+I176P,4,Q40G;S100T;F160D;I176P,-0.7855,-0.7345,-0.5466
Q40G+T128L+K155F+F160D,4,Q40G;T128L;K155F;F160D,0.0799,0.1791,0.2020
Q40G+T128L+K155F+T189R,4,Q40G;T128L;K155F;T189R,-0.2690,-0.1943,0.0269
Q74E+A104T+E132C+Q168N,4,Q74E;A104T;E132C;Q168N,-1.9178,-1.8122,-2.0646
Q74E+E132C+K155F+T189R,4,Q74E;E132C;K155F;T189R,-1.4222,-1.3163,-1.8843
Q74E+F160D+I176P+T228G,4,Q74E;F160D;I176P;T228G,0.1796,0.2007,0.2428
Q74E+K155F+T189R+T228G,4,Q74E;K155F;T189R;T228G,-0.8546,-0.7816,-0.8074
Q74E+N164F+I176P+T228G,4,Q74E;N164F;I176P;T228G,1.1978,1.2680,0.8477
Q74E+N82P+F160D+I176P,4,Q74E;N82P;F160D;I176P,-0.5160,-0.6494,-0.1807
Q74E+R101V+K155F+Q168N,4,Q74E;R101V;K155F;Q168N,-0.4092,-0.4356,-0.5211
Q74E+S100T+A104T+T128L,4,Q74E;S100T;A104T;T128L,-1.5024,-1.1092,-1.5633
Q74E+T128L+I176P+T189R,4,Q74E;T128L;I176P;T189R,-1.1274,-1.0077,-0.9962
Q74E+T189R+D216Y+F219T,4,Q74E;T189R;D216Y;F219T,0.2583,-0.1248,0.2071
R101V+F160D+Q168N+T189R,4,R101V;F160D;Q168N;T189R,1.6155,1.2877,1.4341
R101V+T128L+K155F+T228G,4,R101V;T128L;K155F;T228G,0.9976,0.7515,0.8921
R101V+T128L+Q168N+F219T,4,R101V;T128L;Q168N;F219T,1.3560,1.2299,1.3385
R101V+T128L+T189R+F219T,4,R101V;T128L;T189R;F219T,-0.5221,-0.4108,-0.5960
S100T+A104T+N164F+T189R,4,S100T;A104T;N164F;T189R,1.4771,1.5928,1.5059
S100T+E132C+F160D+Q168N,4,S100T;E132C;F160D;Q168N,0.8054,0.4965,0.3602
S100T+E132C+F160D+T228G,4,S100T;E132C;F160D;T228G,1.6946,2.0836,1.7711
S100T+E132C+Q168N+F219T,4,S100T;E132C;Q168N;F219T,1.1293,1.2545,0.9783
S100T+R101V+T128L+D216Y,4,S100T;R101V;T128L;D216Y,-0.8421,-0.8760,-0.9250
S100T+T128L+K155F+F219T,4,S100T;T128L;K155F;F219T,0.1391,0.0029,-0.0285
S100T+T128L+K155F+T189R,4,S100T;T128L;K155F;T189R,0.7032,0.6765,0.5188
S100T+T128L+N164F+T189R,4,S100T;T128L;N164F;T189R,0.6523,0.5605,0.7552
T128L+E132C+D216Y+T228G,4,T128L;E132C;D216Y;T228G,1.1416,1.4842,1.3735
T128L+F160D+Q168N+F219T,4,T128L;F160D;Q168N;F219T,0.2564,0.3096,-0.0005
