guide_id,gene,control_r1,control_r2,control_r3,treated_r1,treated_r2,treated_r3
SIMG0001_sg1,SIMG0001,8724,5399,4727,5379,5524,5349
SIMG0001_sg2,SIMG0001,4421,5805,3651,4724,3681,2744
SIMG0001_sg3,SIMG0001,2355,2879,2179,2068,1945,1721
SIMG0001_sg4,SIMG0001,5617,5299,4471,7929,5050,4900
SIMG0002_sg1,SIMG0002,4905,4318,3948,3325,5177,4057
SIMG0002_sg2,SIMG0002,6162,7268,8822,6786,7433,6369
SIMG0002_sg3,SIMG0002,3388,3440,3130,3793,2439,2747
SIMG0002_sg4,SIMG0002,12628,17861,10417,11614,13540,11231
SIMG0003_sg1,SIMG0003,5293,6197,5488,3860,4017,3733
SIMG0003_sg2,SIMG0003,3693,3206,3203,4791,2766,2613
SIMG0003_sg3,SIMG0003,3587,3416,2839,3676,4070,3181
SIMG0003_sg4,SIMG0003,6559,5884,7268,10589,8546,6574
SIMG0004_sg1,SIMG0004,3697,3766,3695,3981,3778,3146
SIMG0004_sg2,SIMG0004,5641,4474,4394,5056,4208,4916
SIMG0004_sg3,SIMG0004,16507,8509,10558,10887,12474,9300
SIMG0004_sg4,SIMG0004,4210,2232,3423,3219,3522,2734
SIMG0005_sg1,SIMG0005,6772,7184,5534,5077,5200,5418
SIMG0005_sg2,SIMG0005,3188,3173,3469,2791,4135,2287
SIMG0005_sg3,SIMG0005,6285,3511,5092,4950,5274,3137
SIMG0005_sg4,SIMG0005,9123,11816,8073,7090,7282,7858
SIMG0006_sg1,SIMG0006,3252,4679,3015,4133,3770,1827
SIMG0006_sg2,SIMG0006,3520,3795,2103,2178,3954,1797
SIMG0006_sg3,SIMG0006,9547,7680,9752,8228,5717,5735
SIMG0006_sg4,SIMG0006,6494,5075,5477,5545,4840,4992
SIMG0007_sg1,SIMG0007,3429,2850,2875,3335,4121,2787
SIMG0007_sg2,SIMG0007,6830,4896,4561,5740,6393,4934
SIMG0007_sg3,SIMG0007,4090,3821,5587,4902,4533,3552
SIMG0007_sg4,SIMG0007,5488,6666,5747,7143,8918,6668
SIMG0008_sg1,SIMG0008,6302,6368,5487,5275,3867,5087
SIMG0008_sg2,SIMG0008,4990,6169,5105,5596,6965,5500
SIMG0008_sg3,SIMG0008,2769,3264,2018,2866,2391,2242
SIMG0008_sg4,SIMG0008,6651,8137,5955,5264,4976,4058
SIMG0009_sg1,SIMG0009,3753,2335,3438,2800,2964,2829
SIMG0009_sg2,SIMG0009,4745,5137,4205,5584,8405,4677
SIMG0009_sg3,SIMG0009,7908,7207,6267,7914,6743,5752
SIMG0009_sg4,SIMG0009,5268,4048,3251,6921,5507,5636
SIMG0010_sg1,SIMG0010,8007,8449,5004,11343,9213,5858
SIMG0010_sg2,SIMG0010,5069,4746,4105,6264,5765,6049
SIMG0010_sg3,SIMG0010,2842,2543,3342,2640,2756,2825
SIMG0010_sg4,SIMG0010,2410,2547,2227,3104,2559,1967
SIMG0011_sg1,SIMG0011,4157,4392,4828,8052,4827,4287
SIMG0011_sg2,SIMG0011,6202,5646,5169,4640,5272,3765
SIMG0011_sg3,SIMG0011,9827,8306,11188,6652,13923,6505
SIMG0011_sg4,SIMG0011,4402,6177,4489,5462,4281,3883
SIMG0012_sg1,SIMG0012,3437,3669,4767,5036,4794,2162
SIMG0012_sg2,SIMG0012,3324,3484,2527,3784,3400,2064
SIMG0012_sg3,SIMG0012,4118,3831,3201,3327,3900,3459
SIMG0012_sg4,SIMG0012,12318,9127,11186,11871,7470,8105
SIMG0013_sg1,SIMG0013,7753,7867,6631,5489,8584,5207
SIMG0013_sg2,SIMG0013,4549,5632,4490,5773,4558,3065
SIMG0013_sg3,SIMG0013,3677,2515,1845,3763,3250,2120
SIMG0013_sg4,SIMG0013,2978,3978,3008,3943,4402,3103
SIMG0014_sg1,SIMG0014,3987,4188,4142,3801,4195,2601
SIMG0014_sg2,SIMG0014,6303,4602,6669,5845,5799,4220
SIMG0014_sg3,SIMG0014,9561,5994,5551,11214,7268,5992
SIMG0014_sg4,SIMG0014,7028,7907,6772,9059,6453,6312
SIMG0015_sg1,SIMG0015,2741,3208,2468,2347,1492,1722
SIMG0015_sg2,SIMG0015,3941,4891,4381,4014,2957,3845
SIMG0015_sg3,SIMG0015,7843,6409,6721,8580,6935,6249
SIMG0015_sg4,SIMG0015,5219,5667,3527,4863,5672,4283
SIMG0016_sg1,SIMG0016,4644,3292,3752,3411,2789,3761
SIMG0016_sg2,SIMG0016,5652,5902,5591,6373,5806,4501
SIMG0016_sg3,SIMG0016,4514,3441,3454,2906,3712,2917
SIMG0016_sg4,SIMG0016,8326,5475,6048,5414,5867,6197
SIMG0017_sg1,SIMG0017,3601,3656,2313,2563,3242,2701
SIMG0017_sg2,SIMG0017,3708,3833,3623,4432,3731,2795
SIMG0017_sg3,SIMG0017,4684,3709,5011,5959,5077,3787
SIMG0017_sg4,SIMG0017,6292,5922,4519,5330,6169,5307
SIMG0018_sg1,SIMG0018,5275,5409,5131,7556,6102,5591
SIMG0018_sg2,SIMG0018,3664,4533,3289,3038,3641,2935
SIMG0018_sg3,SIMG0018,2942,3775,3513,2807,3271,2446
SIMG0018_sg4,SIMG0018,4105,5199,5332,4287,3144,3392
SIMG0019_sg1,SIMG0019,7537,6496,5026,7729,8292,5897
SIMG0019_sg2,SIMG0019,8821,8083,8256,6832,6765,9095
SIMG0019_sg3,SIMG0019,13116,8832,6913,8877,8748,7170
SIMG0019_sg4,SIMG0019,3541,4884,2548,3790,5190,2860
SIMG0020_sg1,SIMG0020,11754,9173,11523,8734,9200,7112
SIMG0020_sg2,SIMG0020,3738,4270,3015,3203,4085,2472
SIMG0020_sg3,SIMG0020,3694,3651,3624,3158,3954,3011
SIMG0020_sg4,SIMG0020,8712,4976,6223,6988,5665,5478
SIMG0021_sg1,SIMG0021,6257,3921,7073,6023,6192,5622
SIMG0021_sg2,SIMG0021,4428,4608,4060,4035,3390,2623
SIMG0021_sg3,SIMG0021,4729,4218,4073,4497,5025,3475
SIMG0021_sg4,SIMG0021,5080,4480,4352,4272,3847,2893
SIMG0022_sg1,SIMG0022,5448,4302,4938,4590,4226,2943
SIMG0022_sg2,SIMG0022,3395,3255,3110,2543,3839,2703
SIMG0022_sg3,SIMG0022,3115,4496,3516,3475,5045,4448
SIMG0022_sg4,SIMG0022,4304,3138,4675,3879,3487,3976
SIMG0023_sg1,SIMG0023,2711,5122,2860,3517,3831,2615
SIMG0023_sg2,SIMG0023,5869,6741,5979,6478,6662,5049
SIMG0023_sg3,SIMG0023,3489,3849,3511,4122,3792,2642
SIMG0023_sg4,SIMG0023,6881,5613,6924,6122,5099,3278
SIMG0024_sg1,SIMG0024,3656,3614,3498,2770,3429,2882
SIMG0024_sg2,SIMG0024,4538,6465,5606,7374,5590,4046
SIMG0024_sg3,SIMG0024,5166,2682,4523,3485,3302,2976
SIMG0024_sg4,SIMG0024,6021,8045,7548,8802,8707,5694
SIMG0025_sg1,SIMG0025,4985,4360,3594,6298,4048,2883
SIMG0025_sg2,SIMG0025,6818,8065,5817,4730,4620,6817
SIMG0025_sg3,SIMG0025,7561,6941,5620,6137,6201,4685
SIMG0025_sg4,SIMG0025,7512,8771,5738,5983,7438,4463
SIMG0026_sg1,SIMG0026,8349,5137,5971,7645,6990,5086
SIMG0026_sg2,SIMG0026,4233,5532,4724,5434,4564,3426
SIMG0026_sg3,SIMG0026,2828,1981,2639,3645,2673,2242
SIMG0026_sg4,SIMG0026,3091,6173,4680,3957,3681,3722
SIMG0027_sg1,SIMG0027,4567,5822,3939,4962,4374,3335
SIMG0027_sg2,SIMG0027,9398,5582,6419,5783,6939,5349
SIMG0027_sg3,SIMG0027,4580,3507,3088,4233,3975,3358
SIMG0027_sg4,SIMG0027,6133,5880,4494,4765,6251,3052
SIMG0028_sg1,SIMG0028,3694,5003,5710,5186,5722,4330
SIMG0028_sg2,SIMG0028,5827,5138,5212,5363,3997,3039
SIMG0028_sg3,SIMG0028,10909,11007,9382,14091,13805,6413
SIMG0028_sg4,SIMG0028,6645,8526,7061,7859,8153,4470
SIMG0029_sg1,SIMG0029,9040,7082,7678,7569,8966,6764
SIMG0029_sg2,SIMG0029,3953,2235,2808,2541,3899,2819
SIMG0029_sg3,SIMG0029,6269,4641,6095,6167,4242,4491
SIMG0029_sg4,SIMG0029,9056,9902,4899,8301,8419,3892
SIMG0030_sg1,SIMG0030,6303,4949,2838,4458,4923,3781
SIMG0030_sg2,SIMG0030,1814,2064,3013,1855,2502,2177
SIMG0030_sg3,SIMG0030,3003,4400,3237,3549,2811,2327
SIMG0030_sg4,SIMG0030,6962,5117,4519,5722,3798,4152
SIMG0031_sg1,SIMG0031,4911,3556,4394,3797,5229,3471
SIMG0031_sg2,SIMG0031,5616,5408,5148,4787,5120,5392
SIMG0031_sg3,SIMG0031,7377,6242,5386,5763,5260,4920
SIMG0031_sg4,SIMG0031,5989,7531,4568,5776,5545,5313
SIMG0032_sg1,SIMG0032,3456,3926,3018,2919,3185,2351
SIMG0032_sg2,SIMG0032,7058,4708,4033,5575,5099,6154
SIMG0032_sg3,SIMG0032,7066,6683,5931,6070,7459,5547
SIMG0032_sg4,SIMG0032,5719,6227,6225,5616,4050,5915
SIMG0033_sg1,SIMG0033,3544,3196,3770,3703,3474,2570
SIMG0033_sg2,SIMG0033,3467,2507,1980,2835,2148,4666
SIMG0033_sg3,SIMG0033,5474,5672,5312,5496,6197,4985
SIMG0033_sg4,SIMG0033,4344,2609,3703,3952,4000,3863
SIMG0034_sg1,SIMG0034,6440,7306,6191,6442,7287,5323
SIMG0034_sg2,SIMG0034,7204,7384,5711,8389,8126,5310
SIMG0034_sg3,SIMG0034,8631,6487,6461,9216,8229,5375
SIMG0034_sg4,SIMG0034,6829,8476,6127,4957,6009,5739
SIMG0035_sg1,SIMG0035,2813,2699,1745,2667,2795,2240
SIMG0035_sg2,SIMG0035,7634,7767,5686,6889,8017,5537
SIMG0035_sg3,SIMG0035,4069,3424,3412,3815,4827,3746
SIMG0035_sg4,SIMG0035,5645,6037,5608,6272,4991,4642
SIMG0036_sg1,SIMG0036,6431,5069,4656,5715,7175,4757
SIMG0036_sg2,SIMG0036,3565,5066,3702,4053,5031,4263
SIMG0036_sg3,SIMG0036,3494,3310,3832,2898,5052,2822
SIMG0036_sg4,SIMG0036,9542,9048,9462,8996,6871,5270
SIMG0037_sg1,SIMG0037,5477,5369,3985,3798,5862,2909
SIMG0037_sg2,SIMG0037,6233,4404,4675,3059,3113,3330
SIMG0037_sg3,SIMG0037,2724,2790,2249,2179,2519,1783
SIMG0037_sg4,SIMG0037,1547,1864,2038,1295,1501,1229
SIMG0038_sg1,SIMG0038,4650,4262,4099,4235,4546,3863
SIMG0038_sg2,SIMG0038,3621,3986,3858,3685,3003,2040
SIMG0038_sg3,SIMG0038,10367,12191,10995,13897,11536,10434
SIMG0038_sg4,SIMG0038,4395,6146,3921,5143,4473,4297
SIMG0039_sg1,SIMG0039,5312,3127,3767,10635,6303,4824
SIMG0039_sg2,SIMG0039,4860,5899,5941,17715,13554,12330
SIMG0039_sg3,SIMG0039,5184,4472,4491,6233,5882,5227
SIMG0039_sg4,SIMG0039,4987,3718,4316,11659,9831,4441
SIMG0040_sg1,SIMG0040,5094,6588,4814,5080,4777,3629
SIMG0040_sg2,SIMG0040,2759,2374,2370,2727,2469,2344
SIMG0040_sg3,SIMG0040,7207,7883,6338,6913,6974,4399
SIMG0040_sg4,SIMG0040,6190,4927,8388,6255,7062,5047
SIMG0041_sg1,SIMG0041,5865,6203,4611,5273,5134,5312
SIMG0041_sg2,SIMG0041,6868,6388,6051,7397,3920,6069
SIMG0041_sg3,SIMG0041,4870,4744,4761,5117,5188,2978
SIMG0041_sg4,SIMG0041,2563,2014,2568,2417,2405,1681
SIMG0042_sg1,SIMG0042,5861,4777,4994,5091,6713,4484
SIMG0042_sg2,SIMG0042,2891,3871,3669,5621,4721,3342
SIMG0042_sg3,SIMG0042,8468,10128,8112,8429,6433,7460
SIMG0042_sg4,SIMG0042,3770,3032,3028,3335,2516,2682
SIMG0043_sg1,SIMG0043,3559,5957,4748,7715,12072,5275
SIMG0043_sg2,SIMG0043,7632,7280,5860,12953,11184,6718
SIMG0043_sg3,SIMG0043,3856,6101,6147,6870,6372,6386
SIMG0043_sg4,SIMG0043,6397,5958,7287,10456,7862,8035
SIMG0044_sg1,SIMG0044,3858,5684,5908,5130,4646,3022
SIMG0044_sg2,SIMG0044,5390,6433,5942,6336,5484,6770
SIMG0044_sg3,SIMG0044,2332,3205,2143,3175,3085,2155
SIMG0044_sg4,SIMG0044,7773,10375,8328,12369,9633,9022
SIMG0045_sg1,SIMG0045,3953,3123,3725,3827,3180,3080
SIMG0045_sg2,SIMG0045,5148,5201,5653,6473,4018,6084
SIMG0045_sg3,SIMG0045,2702,2873,2489,2469,2696,1951
SIMG0045_sg4,SIMG0045,8386,8336,8882,7164,9987,6586
SIMG0046_sg1,SIMG0046,4883,3768,4451,3593,4466,4465
SIMG0046_sg2,SIMG0046,5804,6654,5099,6296,6324,4460
SIMG0046_sg3,SIMG0046,7243,6210,7045,7939,6332,5045
SIMG0046_sg4,SIMG0046,5669,5053,5279,6589,6243,3471
SIMG0047_sg1,SIMG0047,14495,8919,12302,10890,11446,10418
SIMG0047_sg2,SIMG0047,4016,3166,2137,2578,2240,2925
SIMG0047_sg3,SIMG0047,4858,3568,3595,5405,4789,3535
SIMG0047_sg4,SIMG0047,5689,8032,7257,7761,6660,5192
SIMG0048_sg1,SIMG0048,7558,6197,5864,7518,6673,5151
SIMG0048_sg2,SIMG0048,7305,9137,5218,7493,6151,6012
SIMG0048_sg3,SIMG0048,3084,2429,2352,3400,2200,2944
SIMG0048_sg4,SIMG0048,7566,6441,7485,7715,6664,6275
SIMG0049_sg1,SIMG0049,5543,3900,4572,4017,3732,4943
SIMG0049_sg2,SIMG0049,8009,8092,6803,7463,6047,4043
SIMG0049_sg3,SIMG0049,4269,5589,4010,4305,6358,3012
SIMG0049_sg4,SIMG0049,1923,2543,2318,2412,2448,2239
SIMG0050_sg1,SIMG0050,5445,4678,5146,5710,4813,4687
SIMG0050_sg2,SIMG0050,4777,3353,3028,3937,3647,2508
SIMG0050_sg3,SIMG0050,5710,6089,5314,6352,5766,2960
SIMG0050_sg4,SIMG0050,6641,8255,5821,5889,6200,5515
SIMG0051_sg1,SIMG0051,3535,2426,3371,4650,2953,2219
SIMG0051_sg2,SIMG0051,4774,7631,7246,7514,5671,4943
SIMG0051_sg3,SIMG0051,6433,6413,6286,9208,6134,5655
SIMG0051_sg4,SIMG0051,4343,8188,5482,6335,6619,5038
SIMG0052_sg1,SIMG0052,7814,6511,6718,6579,8347,5325
SIMG0052_sg2,SIMG0052,8796,9367,4396,7083,5260,5777
SIMG0052_sg3,SIMG0052,4272,3694,3944,4277,3890,3014
SIMG0052_sg4,SIMG0052,6000,6063,5977,7508,6239,5972
SIMG0053_sg1,SIMG0053,3099,4504,2645,4882,3901,3480
SIMG0053_sg2,SIMG0053,3965,3179,2906,3005,2542,2183
SIMG0053_sg3,SIMG0053,5153,5288,4428,7177,3974,3324
SIMG0053_sg4,SIMG0053,2229,3163,2691,3240,3032,1467
SIMG0054_sg1,SIMG0054,6393,6771,5439,3989,4141,4621
SIMG0054_sg2,SIMG0054,5133,5226,4636,3878,3131,3638
SIMG0054_sg3,SIMG0054,6994,6402,4488,6141,4170,2807
SIMG0054_sg4,SIMG0054,4629,4912,5366,4811,4173,3965
SIMG0055_sg1,SIMG0055,5456,4230,3778,3687,5133,3361
SIMG0055_sg2,SIMG0055,10783,8329,8720,11712,9128,7450
SIMG0055_sg3,SIMG0055,5021,4860,4776,5214,4353,3127
SIMG0055_sg4,SIMG0055,7344,7342,7262,5755,5419,5932
SIMG0056_sg1,SIMG0056,3397,2836,2378,3114,4567,3654
SIMG0056_sg2,SIMG0056,6902,7922,8043,8679,9867,8711
SIMG0056_sg3,SIMG0056,5017,4683,6378,4219,5820,3073
SIMG0056_sg4,SIMG0056,5613,5707,5564,6221,3986,5261
SIMG0057_sg1,SIMG0057,4032,1871,2864,3214,2677,2472
SIMG0057_sg2,SIMG0057,4710,7188,5049,6444,3772,4879
SIMG0057_sg3,SIMG0057,3295,2992,2174,2238,3354,1550
SIMG0057_sg4,SIMG0057,9167,8216,5750,8245,7692,5864
SIMG0058_sg1,SIMG0058,4054,4025,4035,4636,3337,3859
SIMG0058_sg2,SIMG0058,5889,4428,3721,5285,4382,3230
SIMG0058_sg3,SIMG0058,10177,6193,5600,6199,6025,6125
SIMG0058_sg4,SIMG0058,4934,2955,4264,4023,3448,3003
SIMG0059_sg1,SIMG0059,5046,3251,3455,3901,3361,3303
SIMG0059_sg2,SIMG0059,6480,7824,4660,6094,5437,5315
SIMG0059_sg3,SIMG0059,2286,2234,2121,2763,3053,2192
SIMG0059_sg4,SIMG0059,5563,6201,5548,4157,3708,4419
SIMG0060_sg1,SIMG0060,6710,10591,8291,8914,8558,8996
SIMG0060_sg2,SIMG0060,5286,5127,4459,5100,5544,3439
SIMG0060_sg3,SIMG0060,6604,5953,5260,7316,5032,3967
SIMG0060_sg4,SIMG0060,7346,10177,6084,6740,4826,4972
SIMG0061_sg1,SIMG0061,6601,10322,6644,9501,8252,6948
SIMG0061_sg2,SIMG0061,4972,5818,4036,4886,3088,2941
SIMG0061_sg3,SIMG0061,11019,9174,7876,8111,5707,5614
SIMG0061_sg4,SIMG0061,6197,7276,6884,6917,7262,6786
SIMG0062_sg1,SIMG0062,4752,4817,4363,4726,4695,3750
SIMG0062_sg2,SIMG0062,2564,3250,2676,3212,2578,2430
SIMG0062_sg3,SIMG0062,6480,7442,7938,7735,8942,4010
SIMG0062_sg4,SIMG0062,3012,3962,3714,4280,4591,3625
SIMG0063_sg1,SIMG0063,7955,11258,7306,9693,5547,6576
SIMG0063_sg2,SIMG0063,9798,11572,10881,11251,7823,7604
SIMG0063_sg3,SIMG0063,2695,4192,3029,3031,2884,3438
SIMG0063_sg4,SIMG0063,7900,11527,6662,10739,9786,7190
SIMG0064_sg1,SIMG0064,6011,5646,5394,5871,6493,4112
SIMG0064_sg2,SIMG0064,2428,2297,2206,3570,2320,1769
SIMG0064_sg3,SIMG0064,5503,5396,4735,5781,3434,2979
SIMG0064_sg4,SIMG0064,6157,7317,5584,6470,6307,5789
SIMG0065_sg1,SIMG0065,4294,4345,4514,5032,6850,4607
SIMG0065_sg2,SIMG0065,5303,5752,4317,4482,6756,3725
SIMG0065_sg3,SIMG0065,5083,6025,4061,4420,5726,3723
SIMG0065_sg4,SIMG0065,4492,3573,3789,2969,3075,2631
SIMG0066_sg1,SIMG0066,3026,2677,1820,2815,2886,2217
SIMG0066_sg2,SIMG0066,5510,3389,3197,2876,2966,2269
SIMG0066_sg3,SIMG0066,3202,3272,2538,3415,4010,2532
SIMG0066_sg4,SIMG0066,7854,5968,6539,7003,5801,4482
SIMG0067_sg1,SIMG0067,6216,10157,7412,9441,6644,5540
SIMG0067_sg2,SIMG0067,4732,5848,7291,6160,7597,5559
SIMG0067_sg3,SIMG0067,7473,6427,6926,5133,5190,4121
SIMG0067_sg4,SIMG0067,3558,3472,2934,3160,3090,2648
SIMG0068_sg1,SIMG0068,5048,4216,4072,5578,3442,3334
SIMG0068_sg2,SIMG0068,4679,2970,3629,4294,4723,2916
SIMG0068_sg3,SIMG0068,10903,9494,7513,10826,7930,7324
SIMG0068_sg4,SIMG0068,3630,5120,3871,2750,2382,2295
SIMG0069_sg1,SIMG0069,4738,5629,5123,4914,5506,4968
SIMG0069_sg2,SIMG0069,11939,7844,8184,8980,7120,6383
SIMG0069_sg3,SIMG0069,6772,4406,5072,7842,8317,4083
SIMG0069_sg4,SIMG0069,5112,3866,2429,3494,3141,2828
SIMG0070_sg1,SIMG0070,9511,6836,7428,7315,5705,6931
SIMG0070_sg2,SIMG0070,3890,3423,4056,4339,3462,2527
SIMG0070_sg3,SIMG0070,3705,3659,2515,3777,3284,2005
SIMG0070_sg4,SIMG0070,2984,4029,2708,3313,4030,3450
SIMG0071_sg1,SIMG0071,5218,7478,4078,6092,3976,3068
SIMG0071_sg2,SIMG0071,4838,5654,6041,4602,3798,3580
SIMG0071_sg3,SIMG0071,4241,3507,5428,4872,3838,4490
SIMG0071_sg4,SIMG0071,6270,5484,4349,4403,5739,4933
SIMG0072_sg1,SIMG0072,3990,5743,5648,4898,6275,4298
SIMG0072_sg2,SIMG0072,3578,3385,4598,5425,6072,3664
SIMG0072_sg3,SIMG0072,8958,9563,5567,8390,6634,7642
SIMG0072_sg4,SIMG0072,1093,1423,1366,1509,1501,1148
SIMG0073_sg1,SIMG0073,5183,3294,4097,7043,4658,3909
SIMG0073_sg2,SIMG0073,3781,2534,2590,3450,2322,2449
SIMG0073_sg3,SIMG0073,2023,3291,1935,2683,2429,1884
SIMG0073_sg4,SIMG0073,7618,7358,8043,8468,7628,4693
SIMG0074_sg1,SIMG0074,2490,3412,2254,2815,3098,2462
SIMG0074_sg2,SIMG0074,4856,6181,4530,4655,6175,3716
SIMG0074_sg3,SIMG0074,3052,2438,1975,2374,2813,1919
SIMG0074_sg4,SIMG0074,2953,4294,2280,5212,3629,3382
SIMG0075_sg1,SIMG0075,3435,3542,4016,3618,2872,3682
SIMG0075_sg2,SIMG0075,10760,8072,8516,7733,10176,6327
SIMG0075_sg3,SIMG0075,4116,4863,4093,3638,4582,3161
SIMG0075_sg4,SIMG0075,4744,4923,5241,5895,5343,5530
SIMG0076_sg1,SIMG0076,2874,3929,3622,4155,2621,2659
SIMG0076_sg2,SIMG0076,5097,5180,4784,4456,4368,4491
SIMG0076_sg3,SIMG0076,7099,7076,6235,7526,7717,5007
SIMG0076_sg4,SIMG0076,8204,6429,5447,8456,7379,5802
SIMG0077_sg1,SIMG0077,3625,4244,5469,5742,4489,3718
SIMG0077_sg2,SIMG0077,12616,17057,10003,10389,12264,12210
SIMG0077_sg3,SIMG0077,6680,5249,7325,5685,6933,4929
SIMG0077_sg4,SIMG0077,7315,7549,7143,11734,7202,4211
SIMG0078_sg1,SIMG0078,4685,3393,3606,4447,4929,2372
SIMG0078_sg2,SIMG0078,5665,5726,4439,4602,4800,3589
SIMG0078_sg3,SIMG0078,8293,4813,9385,5951,6515,6434
SIMG0078_sg4,SIMG0078,5367,5655,6886,11033,6534,3846
SIMG0079_sg1,SIMG0079,9264,8728,7884,10913,14854,8321
SIMG0079_sg2,SIMG0079,3875,3725,3910,5319,4608,3338
SIMG0079_sg3,SIMG0079,8648,7641,8944,8962,8791,7655
SIMG0079_sg4,SIMG0079,10147,8051,7016,8280,6843,5368
SIMG0080_sg1,SIMG0080,5155,4885,5764,5611,3477,3363
SIMG0080_sg2,SIMG0080,4683,4383,4200,4982,4662,3397
SIMG0080_sg3,SIMG0080,6332,9905,7615,7744,12536,6207
SIMG0080_sg4,SIMG0080,7433,7955,6116,6358,8363,5936
SIMG0081_sg1,SIMG0081,3781,4794,3792,3613,3350,3224
SIMG0081_sg2,SIMG0081,4165,3154,3508,3301,3134,3225
SIMG0081_sg3,SIMG0081,6058,5942,4217,5631,4112,3874
SIMG0081_sg4,SIMG0081,4436,5612,3421,4476,3864,2926
SIMG0082_sg1,SIMG0082,7617,4798,10152,7781,5730,5320
SIMG0082_sg2,SIMG0082,6931,7035,5732,6886,4704,4967
SIMG0082_sg3,SIMG0082,8078,8469,9907,10318,9824,5746
SIMG0082_sg4,SIMG0082,8364,8091,8156,8057,7265,6184
SIMG0083_sg1,SIMG0083,6622,7438,6675,7028,7544,5824
SIMG0083_sg2,SIMG0083,4775,4725,5721,7483,3362,3917
SIMG0083_sg3,SIMG0083,11867,11678,9092,10988,12921,6896
SIMG0083_sg4,SIMG0083,6629,5096,6034,5676,6775,3796
SIMG0084_sg1,SIMG0084,2525,2525,2314,2926,2308,2201
SIMG0084_sg2,SIMG0084,5679,5216,5551,4520,3923,3888
SIMG0084_sg3,SIMG0084,4987,5459,4437,5294,4553,4375
SIMG0084_sg4,SIMG0084,4548,3542,3275,4316,5990,2685
SIMG0085_sg1,SIMG0085,7953,6013,5067,7392,9446,6580
SIMG0085_sg2,SIMG0085,4911,4673,2959,8537,6036,3378
SIMG0085_sg3,SIMG0085,8391,8391,8076,14408,19061,13494
SIMG0085_sg4,SIMG0085,5416,6605,4995,9788,8530,5841
SIMG0086_sg1,SIMG0086,3634,4915,5316,4830,5208,3778
SIMG0086_sg2,SIMG0086,8334,6061,8924,8389,6589,7026
SIMG0086_sg3,SIMG0086,8692,5563,7167,6559,5818,4975
SIMG0086_sg4,SIMG0086,3570,3744,4140,2318,2810,2984
SIMG0087_sg1,SIMG0087,2273,2338,2508,2140,3543,2772
SIMG0087_sg2,SIMG0087,4562,3442,5106,3150,3805,2501
SIMG0087_sg3,SIMG0087,2980,2485,2352,3950,2492,2555
SIMG0087_sg4,SIMG0087,7075,5109,4157,5684,5753,3739
SIMG0088_sg1,SIMG0088,4656,3176,2949,4832,3338,2958
SIMG0088_sg2,SIMG0088,2475,2803,2691,3920,2375,3635
SIMG0088_sg3,SIMG0088,2306,2328,2055,3376,2870,2670
SIMG0088_sg4,SIMG0088,7215,8070,6337,7911,8573,6860
SIMG0089_sg1,SIMG0089,7058,8552,6587,9086,8811,5733
SIMG0089_sg2,SIMG0089,5854,6165,3715,6615,5818,2996
SIMG0089_sg3,SIMG0089,6858,4148,3942,6807,6740,4147
SIMG0089_sg4,SIMG0089,3997,4985,3334,3371,2869,4402
SIMG0090_sg1,SIMG0090,7094,6957,7196,7619,5972,4802
SIMG0090_sg2,SIMG0090,5095,7711,7383,5150,5810,4279
SIMG0090_sg3,SIMG0090,4662,4280,4070,5308,5497,4534
SIMG0090_sg4,SIMG0090,9917,9517,8331,8521,6818,8841
SIMG0091_sg1,SIMG0091,5226,5972,5740,7640,4172,5178
SIMG0091_sg2,SIMG0091,5049,4181,3938,4058,4273,3412
SIMG0091_sg3,SIMG0091,3139,2851,1942,2703,2266,1983
SIMG0091_sg4,SIMG0091,2736,3707,4615,3803,3977,3496
SIMG0092_sg1,SIMG0092,3068,3221,2894,2495,2893,2601
SIMG0092_sg2,SIMG0092,7431,6765,4391,4241,6350,4190
SIMG0092_sg3,SIMG0092,6034,9016,10670,8922,9787,7856
SIMG0092_sg4,SIMG0092,3108,4694,3494,4192,5202,3905
SIMG0093_sg1,SIMG0093,5578,8574,8171,8635,7354,7125
SIMG0093_sg2,SIMG0093,2498,3979,2860,3502,3226,1869
SIMG0093_sg3,SIMG0093,3322,2645,2664,2484,3666,3357
SIMG0093_sg4,SIMG0093,7570,6589,9547,7305,9064,5537
SIMG0094_sg1,SIMG0094,4817,4169,2978,3846,2862,5210
SIMG0094_sg2,SIMG0094,3336,3670,2815,3911,2689,2177
SIMG0094_sg3,SIMG0094,3488,5091,3852,3485,4831,3943
SIMG0094_sg4,SIMG0094,6711,6236,4559,7270,8078,5648
SIMG0095_sg1,SIMG0095,4087,4247,2240,3594,3368,2956
SIMG0095_sg2,SIMG0095,3226,3858,4177,4716,3282,3085
SIMG0095_sg3,SIMG0095,10720,10376,9598,7133,7665,6853
SIMG0095_sg4,SIMG0095,4306,4656,2929,6472,4245,2962
SIMG0096_sg1,SIMG0096,8691,6780,6035,2728,3479,2492
SIMG0096_sg2,SIMG0096,5549,9872,6998,1715,1880,1669
SIMG0096_sg3,SIMG0096,4273,3955,2500,3394,1870,1711
SIMG0096_sg4,SIMG0096,5188,4933,4542,4503,3197,3623
SIMG0097_sg1,SIMG0097,5313,8372,5546,5762,3986,3341
SIMG0097_sg2,SIMG0097,6371,4072,5191,4708,6312,3954
SIMG0097_sg3,SIMG0097,7018,6913,4738,7307,5132,4718
SIMG0097_sg4,SIMG0097,6432,5747,4034,6554,5190,3994
SIMG0098_sg1,SIMG0098,2974,3177,1806,2249,2053,2488
SIMG0098_sg2,SIMG0098,5567,4451,4643,5984,4855,3313
SIMG0098_sg3,SIMG0098,3895,3315,3425,3725,3324,2724
SIMG0098_sg4,SIMG0098,5832,6537,5221,7822,6247,3726
SIMG0099_sg1,SIMG0099,2509,4117,4114,4527,3482,2368
SIMG0099_sg2,SIMG0099,4376,3670,3299,4176,3589,2619
SIMG0099_sg3,SIMG0099,2834,3111,2276,2176,3447,1534
SIMG0099_sg4,SIMG0099,1974,2296,2209,3470,2866,2216
SIMG0100_sg1,SIMG0100,8812,9276,9238,5803,10163,8157
SIMG0100_sg2,SIMG0100,3496,3382,3620,3045,3939,2108
SIMG0100_sg3,SIMG0100,5529,4929,4203,5592,5691,3083
SIMG0100_sg4,SIMG0100,6889,6521,6695,6918,7446,5477
SIMG0101_sg1,SIMG0101,4490,4581,4093,4681,3897,2919
SIMG0101_sg2,SIMG0101,4056,5026,4010,5857,5294,4056
SIMG0101_sg3,SIMG0101,12633,10156,8429,10780,10511,8495
SIMG0101_sg4,SIMG0101,2906,2467,2360,2564,2727,1937
SIMG0102_sg1,SIMG0102,2957,3323,2330,2582,3176,3514
SIMG0102_sg2,SIMG0102,5296,5911,4933,5084,5712,5013
SIMG0102_sg3,SIMG0102,3442,3408,4218,4279,3644,2352
SIMG0102_sg4,SIMG0102,6584,4962,5340,6308,7155,4971
SIMG0103_sg1,SIMG0103,4669,3743,7390,5949,6008,3636
SIMG0103_sg2,SIMG0103,3687,4932,3634,5852,4118,3729
SIMG0103_sg3,SIMG0103,2434,2466,2801,2496,2216,3435
SIMG0103_sg4,SIMG0103,8562,7686,7551,4191,6340,4796
SIMG0104_sg1,SIMG0104,4263,3781,3707,3113,4135,2892
SIMG0104_sg2,SIMG0104,6955,7160,7501,8074,5186,4501
SIMG0104_sg3,SIMG0104,3273,3071,3138,3424,2981,1855
SIMG0104_sg4,SIMG0104,4033,3483,3633,4070,3792,2773
SIMG0105_sg1,SIMG0105,9209,9442,12984,10936,9683,7044
SIMG0105_sg2,SIMG0105,5785,5202,3718,5082,4288,4104
SIMG0105_sg3,SIMG0105,6242,3965,5947,5704,5464,4784
SIMG0105_sg4,SIMG0105,4514,5182,6052,4404,4430,2846
SIMG0106_sg1,SIMG0106,6359,6600,5291,5530,8092,5279
SIMG0106_sg2,SIMG0106,3653,3969,3402,4521,3658,3195
SIMG0106_sg3,SIMG0106,11983,10895,9936,12852,9623,6852
SIMG0106_sg4,SIMG0106,6054,5516,5439,5782,5699,5727
SIMG0107_sg1,SIMG0107,3192,3688,3693,4431,4365,3372
SIMG0107_sg2,SIMG0107,3100,5368,3207,3692,3447,2635
SIMG0107_sg3,SIMG0107,6779,7948,6954,8054,6257,5332
SIMG0107_sg4,SIMG0107,2664,2904,3172,3504,2266,1936
SIMG0108_sg1,SIMG0108,5590,6094,4880,5354,5227,5228
SIMG0108_sg2,SIMG0108,7387,5630,6381,6779,6461,4358
SIMG0108_sg3,SIMG0108,3968,2910,2285,4123,3696,3201
SIMG0108_sg4,SIMG0108,4419,4980,4050,7431,4938,6100
SIMG0109_sg1,SIMG0109,10276,7121,9204,6380,5480,6203
SIMG0109_sg2,SIMG0109,4168,4657,6138,5173,6474,3693
SIMG0109_sg3,SIMG0109,5966,6390,7043,6116,6583,4292
SIMG0109_sg4,SIMG0109,2309,2415,2453,3062,2178,2545
SIMG0110_sg1,SIMG0110,5726,5339,4166,5180,3800,4205
SIMG0110_sg2,SIMG0110,6070,10923,5979,6179,7267,4372
SIMG0110_sg3,SIMG0110,5081,6335,5951,7209,7178,4456
SIMG0110_sg4,SIMG0110,5453,6182,5118,5356,4926,5294
SIMG0111_sg1,SIMG0111,4582,5855,6043,5663,6016,4104
SIMG0111_sg2,SIMG0111,7925,8660,7414,9176,6395,4611
SIMG0111_sg3,SIMG0111,2443,3180,2764,3131,1879,2140
SIMG0111_sg4,SIMG0111,5961,5963,3807,6688,6870,4214
SIMG0112_sg1,SIMG0112,5359,7250,6061,7232,6183,5036
SIMG0112_sg2,SIMG0112,3981,2294,3101,3684,3313,1876
SIMG0112_sg3,SIMG0112,4075,6527,5322,6570,4225,4803
SIMG0112_sg4,SIMG0112,5515,6133,3851,6715,4671,3819
SIMG0113_sg1,SIMG0113,5405,6428,6449,7036,5777,4373
SIMG0113_sg2,SIMG0113,2590,3237,2019,2532,2369,1322
SIMG0113_sg3,SIMG0113,5357,3491,3688,6456,6024,4296
SIMG0113_sg4,SIMG0113,4235,4443,3339,3823,3532,3701
SIMG0114_sg1,SIMG0114,3575,3345,3467,3178,2718,4236
SIMG0114_sg2,SIMG0114,7659,9337,5122,7766,6673,6127
SIMG0114_sg3,SIMG0114,2945,2552,3301,2260,3018,2485
SIMG0114_sg4,SIMG0114,9092,9750,6747,9003,11006,6462
SIMG0115_sg1,SIMG0115,5693,5806,6932,4302,5022,4329
SIMG0115_sg2,SIMG0115,4874,6054,3253,4512,3513,3368
SIMG0115_sg3,SIMG0115,4384,3289,3958,3866,3811,4905
SIMG0115_sg4,SIMG0115,5072,5382,5530,5044,4091,4750
SIMG0116_sg1,SIMG0116,6449,6528,4929,4080,5976,3126
SIMG0116_sg2,SIMG0116,5213,5784,6097,6509,4998,4424
SIMG0116_sg3,SIMG0116,2782,3787,2912,4111,3385,1823
SIMG0116_sg4,SIMG0116,3026,2861,2609,3003,2802,2134
SIMG0117_sg1,SIMG0117,5855,7292,5778,4874,3846,3247
SIMG0117_sg2,SIMG0117,3330,4148,3514,5435,5828,3317
SIMG0117_sg3,SIMG0117,3305,3116,3024,5468,4127,2350
SIMG0117_sg4,SIMG0117,4495,3319,2911,4191,3694,2930
SIMG0118_sg1,SIMG0118,5200,5922,5036,4725,4269,4009
SIMG0118_sg2,SIMG0118,6430,4406,4680,5556,4338,4314
SIMG0118_sg3,SIMG0118,4458,4721,3162,6618,4421,3982
SIMG0118_sg4,SIMG0118,7155,9046,6624,8189,6844,5422
SIMG0119_sg1,SIMG0119,4634,2782,3344,3428,3823,3569
SIMG0119_sg2,SIMG0119,2727,3002,2311,3967,4466,2963
SIMG0119_sg3,SIMG0119,3315,3301,2213,2220,2682,1785
SIMG0119_sg4,SIMG0119,4471,4749,4488,4764,4810,3384
SIMG0120_sg1,SIMG0120,4909,6356,5784,4422,5227,3200
SIMG0120_sg2,SIMG0120,4314,4634,6573,5631,3190,3906
SIMG0120_sg3,SIMG0120,9376,9635,6400,10862,9297,9245
SIMG0120_sg4,SIMG0120,2260,2284,1726,2046,2685,2520
SIMG0121_sg1,SIMG0121,4443,2616,2546,1105,1435,769
SIMG0121_sg2,SIMG0121,3777,3396,3991,2767,1636,2430
SIMG0121_sg3,SIMG0121,5595,6445,6909,2804,2321,2528
SIMG0121_sg4,SIMG0121,4657,3423,4371,2385,1954,1662
SIMG0122_sg1,SIMG0122,5277,3443,7453,2158,2113,2869
SIMG0122_sg2,SIMG0122,5363,4201,4115,2745,3053,2998
SIMG0122_sg3,SIMG0122,5721,5228,4742,4098,2979,2204
SIMG0122_sg4,SIMG0122,3480,5131,2636,2377,2027,1877
SIMG0123_sg1,SIMG0123,9493,7858,6182,2500,3408,2829
SIMG0123_sg2,SIMG0123,7623,9245,6123,4604,4553,4929
SIMG0123_sg3,SIMG0123,8174,8467,5455,3693,3314,2324
SIMG0123_sg4,SIMG0123,6480,6716,6347,2905,2556,3143
SIMG0124_sg1,SIMG0124,10242,7551,7786,7343,7693,4767
SIMG0124_sg2,SIMG0124,5636,5406,5045,4685,3812,3794
SIMG0124_sg3,SIMG0124,3391,2838,3604,4453,2854,4348
SIMG0124_sg4,SIMG0124,6095,3887,3954,5769,3895,4370
SIMG0125_sg1,SIMG0125,3526,4183,2521,1700,1325,1638
SIMG0125_sg2,SIMG0125,7906,7066,4819,3607,1936,2518
SIMG0125_sg3,SIMG0125,8049,6458,5508,2062,2012,1176
SIMG0125_sg4,SIMG0125,6177,4822,5362,3157,2647,2205
SIMG0126_sg1,SIMG0126,6712,5995,5819,5119,5958,4887
SIMG0126_sg2,SIMG0126,4151,4613,3539,2576,3780,3995
SIMG0126_sg3,SIMG0126,2858,4341,3104,3606,3228,2616
SIMG0126_sg4,SIMG0126,4117,3050,2128,3470,4000,3198
SIMG0127_sg1,SIMG0127,8044,7196,6103,5952,6773,5074
SIMG0127_sg2,SIMG0127,3868,2695,2854,3674,3711,2383
SIMG0127_sg3,SIMG0127,5476,4611,5637,4141,4737,3577
SIMG0127_sg4,SIMG0127,5994,4071,4538,4366,5354,4836
SIMG0128_sg1,SIMG0128,3698,3202,4838,4193,3298,2687
SIMG0128_sg2,SIMG0128,4573,4184,3207,4301,4506,2614
SIMG0128_sg3,SIMG0128,5225,4490,5945,3945,4014,4351
SIMG0128_sg4,SIMG0128,2041,2904,2092,1986,3277,1197
SIMG0129_sg1,SIMG0129,3188,3630,4805,3184,2696,2275
SIMG0129_sg2,SIMG0129,4981,4787,4573,4657,6182,4065
SIMG0129_sg3,SIMG0129,3795,3991,4080,3143,3657,3502
SIMG0129_sg4,SIMG0129,7080,5494,6311,7351,6167,5821
SIMG0130_sg1,SIMG0130,5955,3900,6443,5026,5712,3934
SIMG0130_sg2,SIMG0130,6748,10028,4905,6156,6278,5621
SIMG0130_sg3,SIMG0130,8811,11066,10521,9118,10554,11256
SIMG0130_sg4,SIMG0130,6307,6419,5010,6735,5580,3816
SIMG0131_sg1,SIMG0131,7822,5972,5781,7357,5649,5529
SIMG0131_sg2,SIMG0131,3818,3291,3277,2761,3790,1986
SIMG0131_sg3,SIMG0131,5157,3581,3877,5314,3504,4178
SIMG0131_sg4,SIMG0131,5725,6589,5171,6553,4852,6003
SIMG0132_sg1,SIMG0132,2778,2833,3117,2541,2990,2362
SIMG0132_sg2,SIMG0132,4519,7288,7719,6356,5818,6464
SIMG0132_sg3,SIMG0132,2995,3957,4012,5158,2555,2184
SIMG0132_sg4,SIMG0132,4763,3716,3376,3840,3347,3483
SIMG0133_sg1,SIMG0133,5274,4631,4842,5886,6715,2719
SIMG0133_sg2,SIMG0133,7553,7748,5691,7001,6502,6135
SIMG0133_sg3,SIMG0133,5166,6539,4872,6090,4548,2839
SIMG0133_sg4,SIMG0133,2845,2643,2094,2121,2732,1827
SIMG0134_sg1,SIMG0134,5985,5837,6558,7122,4901,5164
SIMG0134_sg2,SIMG0134,5442,5189,4478,5648,6597,4944
SIMG0134_sg3,SIMG0134,5872,5949,7729,8064,8954,5947
SIMG0134_sg4,SIMG0134,5697,7272,5096,9267,6548,5110
SIMG0135_sg1,SIMG0135,6667,6752,6909,5384,6100,3973
SIMG0135_sg2,SIMG0135,11292,11551,10601,11972,7585,8363
SIMG0135_sg3,SIMG0135,9653,7393,7577,6696,5159,6823
SIMG0135_sg4,SIMG0135,2334,3297,2282,2851,2626,2499
SIMG0136_sg1,SIMG0136,4996,6451,5552,3315,4613,3832
SIMG0136_sg2,SIMG0136,2005,2275,2295,2241,2324,1585
SIMG0136_sg3,SIMG0136,5123,5172,4061,6365,5959,3010
SIMG0136_sg4,SIMG0136,5832,5054,4722,6120,9643,3904
SIMG0137_sg1,SIMG0137,10922,8549,10333,8850,11376,7367
SIMG0137_sg2,SIMG0137,3680,2903,3854,4101,4790,2770
SIMG0137_sg3,SIMG0137,5958,5020,3806,4084,4808,3627
SIMG0137_sg4,SIMG0137,6090,7233,5181,6010,5601,5348
SIMG0138_sg1,SIMG0138,10449,11576,9235,8522,9006,6409
SIMG0138_sg2,SIMG0138,2862,3346,3825,3022,2328,2269
SIMG0138_sg3,SIMG0138,1897,1854,1765,1926,1749,1275
SIMG0138_sg4,SIMG0138,4517,4609,3149,4573,3555,3544
SIMG0139_sg1,SIMG0139,5886,4751,5513,6293,6548,7496
SIMG0139_sg2,SIMG0139,3814,3816,3435,4022,4512,4787
SIMG0139_sg3,SIMG0139,5303,6797,5170,7304,4496,4086
SIMG0139_sg4,SIMG0139,7543,10449,9221,10205,9465,5718
SIMG0140_sg1,SIMG0140,1890,2832,2909,2655,2438,2923
SIMG0140_sg2,SIMG0140,4813,3382,5550,5729,7051,4329
SIMG0140_sg3,SIMG0140,7645,6911,5064,5722,5253,6941
SIMG0140_sg4,SIMG0140,5003,3925,5310,5099,4433,3976
SIMG0141_sg1,SIMG0141,5352,5367,3521,6639,3509,5236
SIMG0141_sg2,SIMG0141,8205,7344,5468,6669,7156,4577
SIMG0141_sg3,SIMG0141,4148,5923,4547,5006,4424,3802
SIMG0141_sg4,SIMG0141,7975,8064,6564,8074,8087,8911
SIMG0142_sg1,SIMG0142,4059,4239,4344,3659,3862,4460
SIMG0142_sg2,SIMG0142,4623,7523,5811,5018,3712,4038
SIMG0142_sg3,SIMG0142,4291,3331,3626,4574,3729,3181
SIMG0142_sg4,SIMG0142,4487,5555,5026,4390,3954,3755
SIMG0143_sg1,SIMG0143,7001,6640,5361,7799,6609,4918
SIMG0143_sg2,SIMG0143,6855,6045,4434,6753,5122,3553
SIMG0143_sg3,SIMG0143,3963,3585,2217,4703,2673,2677
SIMG0143_sg4,SIMG0143,5981,6636,5154,5082,6961,4448
SIMG0144_sg1,SIMG0144,5894,8212,5425,7344,9069,5835
SIMG0144_sg2,SIMG0144,5062,3991,5189,3075,4473,3698
SIMG0144_sg3,SIMG0144,3163,3816,4981,4315,3796,2479
SIMG0144_sg4,SIMG0144,8427,6486,5118,5692,4102,3830
SIMG0145_sg1,SIMG0145,2524,2215,2645,2917,2089,2057
SIMG0145_sg2,SIMG0145,5107,3407,5040,3470,4043,3326
SIMG0145_sg3,SIMG0145,3603,4356,5152,4318,5593,4966
SIMG0145_sg4,SIMG0145,3706,3802,3684,3566,3876,2662
SIMG0146_sg1,SIMG0146,8007,5684,5359,7590,7168,5537
SIMG0146_sg2,SIMG0146,4379,3517,4615,3059,4136,3265
SIMG0146_sg3,SIMG0146,3102,2425,2603,2611,3366,1559
SIMG0146_sg4,SIMG0146,5682,5417,5092,6501,4166,4135
SIMG0147_sg1,SIMG0147,4817,5970,3250,5964,4517,4988
SIMG0147_sg2,SIMG0147,6033,9276,5589,7048,6860,9006
SIMG0147_sg3,SIMG0147,5334,5116,6370,6651,7893,5128
SIMG0147_sg4,SIMG0147,3506,3257,3746,4377,4253,2996
SIMG0148_sg1,SIMG0148,12557,10152,8631,9227,9125,7966
SIMG0148_sg2,SIMG0148,7706,4478,5603,5395,4315,3122
SIMG0148_sg3,SIMG0148,5292,5136,4730,6372,5917,6491
SIMG0148_sg4,SIMG0148,4953,4575,2854,3237,4091,3362
SIMG0149_sg1,SIMG0149,6668,7697,4560,7043,5207,3750
SIMG0149_sg2,SIMG0149,9216,10513,10314,14540,10274,6514
SIMG0149_sg3,SIMG0149,5973,5940,4483,6155,6845,4858
SIMG0149_sg4,SIMG0149,3657,4198,2954,5421,4311,2893
SIMG0150_sg1,SIMG0150,8171,6152,4979,5264,5525,5485
SIMG0150_sg2,SIMG0150,3994,5565,6031,7276,3503,4448
SIMG0150_sg3,SIMG0150,2078,3531,3506,2931,4102,2428
SIMG0150_sg4,SIMG0150,4658,4931,3179,3809,3547,2992
SIMG0151_sg1,SIMG0151,3106,2256,2943,3190,2726,2164
SIMG0151_sg2,SIMG0151,3798,4035,4637,4253,4301,5915
SIMG0151_sg3,SIMG0151,3090,2649,1885,3198,3748,2612
SIMG0151_sg4,SIMG0151,5230,4369,5245,5738,3011,3710
SIMG0152_sg1,SIMG0152,7287,6920,6289,9402,7893,5067
SIMG0152_sg2,SIMG0152,5132,4280,3922,4947,4670,4327
SIMG0152_sg3,SIMG0152,6677,6357,5206,6114,7942,4261
SIMG0152_sg4,SIMG0152,4901,5872,3523,5719,6299,4658
SIMG0153_sg1,SIMG0153,7832,5102,5381,4472,5446,4201
SIMG0153_sg2,SIMG0153,6331,6385,5642,6060,5737,3587
SIMG0153_sg3,SIMG0153,11093,9126,7748,10767,8223,7783
SIMG0153_sg4,SIMG0153,7805,9000,8089,9490,7070,4787
SIMG0154_sg1,SIMG0154,5196,4844,4161,4709,5392,3747
SIMG0154_sg2,SIMG0154,5076,4927,3860,5532,6110,4993
SIMG0154_sg3,SIMG0154,4647,4573,4682,4489,3367,4573
SIMG0154_sg4,SIMG0154,4910,5573,4365,4852,4418,4048
SIMG0155_sg1,SIMG0155,5039,6019,4882,4595,6199,4536
SIMG0155_sg2,SIMG0155,6416,4430,4911,4896,4881,4273
SIMG0155_sg3,SIMG0155,7467,5663,5668,7093,5993,5873
SIMG0155_sg4,SIMG0155,6003,5129,5617,5956,5056,6048
SIMG0156_sg1,SIMG0156,6906,7438,5078,5868,6006,5083
SIMG0156_sg2,SIMG0156,9997,10662,8346,10870,13477,8900
SIMG0156_sg3,SIMG0156,3903,3551,2443,2959,2473,2451
SIMG0156_sg4,SIMG0156,5389,4445,4951,4842,4877,4851
SIMG0157_sg1,SIMG0157,6634,6561,4859,4216,4802,4859
SIMG0157_sg2,SIMG0157,4468,4691,2840,4231,3064,2708
SIMG0157_sg3,SIMG0157,5084,4553,4048,6435,3695,3020
SIMG0157_sg4,SIMG0157,7346,6355,4686,5831,5479,4254
SIMG0158_sg1,SIMG0158,4672,5889,3629,4919,4306,2469
SIMG0158_sg2,SIMG0158,10836,10097,9751,9466,9959,7084
SIMG0158_sg3,SIMG0158,6415,4095,4127,3353,4025,3719
SIMG0158_sg4,SIMG0158,2713,3827,2541,3509,4462,4432
SIMG0159_sg1,SIMG0159,5928,6863,6080,2342,3243,2398
SIMG0159_sg2,SIMG0159,4803,3594,2250,3972,3196,2424
SIMG0159_sg3,SIMG0159,3683,3917,4859,4565,4119,2551
SIMG0159_sg4,SIMG0159,9275,8474,6838,4596,5246,3595
SIMG0160_sg1,SIMG0160,5578,5281,5584,7151,5705,4945
SIMG0160_sg2,SIMG0160,5422,5075,3643,4668,5305,3672
SIMG0160_sg3,SIMG0160,2507,1687,2116,2346,2187,1312
SIMG0160_sg4,SIMG0160,6357,3534,4530,5503,4621,5940
SIMG0161_sg1,SIMG0161,3509,4931,4047,5618,6322,4278
SIMG0161_sg2,SIMG0161,12600,9079,6228,9691,5314,4780
SIMG0161_sg3,SIMG0161,3782,5170,3738,3599,3898,3408
SIMG0161_sg4,SIMG0161,3812,2927,3020,3164,2682,2271
SIMG0162_sg1,SIMG0162,9477,10182,9443,8435,11819,7764
SIMG0162_sg2,SIMG0162,3794,3960,2926,3420,3270,2984
SIMG0162_sg3,SIMG0162,6527,5178,7272,5513,6521,4985
SIMG0162_sg4,SIMG0162,6397,4318,4047,4536,6420,2956
SIMG0163_sg1,SIMG0163,9757,7164,8236,7775,6607,5866
SIMG0163_sg2,SIMG0163,13099,11271,9135,8965,8579,8003
SIMG0163_sg3,SIMG0163,4361,4484,4513,6046,4752,4322
SIMG0163_sg4,SIMG0163,4511,4480,5078,6736,6456,3920
SIMG0164_sg1,SIMG0164,6057,4543,2829,4491,4036,3873
SIMG0164_sg2,SIMG0164,9063,7753,8681,9256,7976,9046
SIMG0164_sg3,SIMG0164,12099,6960,7034,8025,7870,6102
SIMG0164_sg4,SIMG0164,3242,2986,3179,4208,4539,3154
SIMG0165_sg1,SIMG0165,6550,7092,3511,7663,5840,3873
SIMG0165_sg2,SIMG0165,3217,2688,2759,3633,2389,2661
SIMG0165_sg3,SIMG0165,2777,2843,2016,3105,3204,2089
SIMG0165_sg4,SIMG0165,5353,8236,7747,9095,5964,5168
SIMG0166_sg1,SIMG0166,5330,4629,4140,1546,1392,1558
SIMG0166_sg2,SIMG0166,6920,8511,6128,4063,3632,2764
SIMG0166_sg3,SIMG0166,3725,3637,3321,2282,2218,1625
SIMG0166_sg4,SIMG0166,3331,3289,3190,990,973,1156
SIMG0167_sg1,SIMG0167,7666,10093,7298,8125,8779,7743
SIMG0167_sg2,SIMG0167,4639,7008,3875,6818,3771,4245
SIMG0167_sg3,SIMG0167,3172,3875,2951,3238,3782,2122
SIMG0167_sg4,SIMG0167,7524,6401,9161,6069,6469,4321
SIMG0168_sg1,SIMG0168,4710,5601,4204,5479,4111,4368
SIMG0168_sg2,SIMG0168,6456,8737,7839,9685,8181,5532
SIMG0168_sg3,SIMG0168,5772,5368,4649,5078,6457,2711
SIMG0168_sg4,SIMG0168,7674,6203,5345,7443,4747,3854
SIMG0169_sg1,SIMG0169,5534,4458,3206,4686,3401,3195
SIMG0169_sg2,SIMG0169,3804,3520,3703,2992,2976,2527
SIMG0169_sg3,SIMG0169,4284,2740,3039,3040,4488,2339
SIMG0169_sg4,SIMG0169,10072,7849,6114,7584,7027,5634
SIMG0170_sg1,SIMG0170,5182,9300,6502,6186,5948,5026
SIMG0170_sg2,SIMG0170,6995,6521,4804,7628,7816,4603
SIMG0170_sg3,SIMG0170,11718,11016,11124,19021,10438,8526
SIMG0170_sg4,SIMG0170,5032,4798,4404,5595,4588,3110
SIMG0171_sg1,SIMG0171,15665,13088,9089,9375,9796,10335
SIMG0171_sg2,SIMG0171,3878,4405,2731,3571,2760,2606
SIMG0171_sg3,SIMG0171,8020,6037,9239,8607,6648,5752
SIMG0171_sg4,SIMG0171,6283,5187,7877,5041,5127,6583
SIMG0172_sg1,SIMG0172,2726,3259,2742,2552,2893,2174
SIMG0172_sg2,SIMG0172,7883,7807,8034,5766,5548,4731
SIMG0172_sg3,SIMG0172,4793,6545,5812,6407,8722,5429
SIMG0172_sg4,SIMG0172,2727,3275,2562,3400,2626,2095
SIMG0173_sg1,SIMG0173,10108,8162,10007,8011,10667,4805
SIMG0173_sg2,SIMG0173,3200,5279,3806,4286,4091,2631
SIMG0173_sg3,SIMG0173,12757,13121,16399,13665,14873,9414
SIMG0173_sg4,SIMG0173,4748,5034,3635,5040,5246,3559
SIMG0174_sg1,SIMG0174,4443,4193,4202,4245,2439,3513
SIMG0174_sg2,SIMG0174,5855,7019,5032,7324,5263,4405
SIMG0174_sg3,SIMG0174,3891,3980,4180,4322,3924,3644
SIMG0174_sg4,SIMG0174,4537,3018,3649,4123,3125,2344
SIMG0175_sg1,SIMG0175,3938,5156,3762,4508,4633,3850
SIMG0175_sg2,SIMG0175,4549,5161,5022,6735,4601,4686
SIMG0175_sg3,SIMG0175,8236,6804,5259,8733,7734,6643
SIMG0175_sg4,SIMG0175,3394,3927,2891,3452,2326,2053
SIMG0176_sg1,SIMG0176,5851,4294,4356,8196,4892,3549
SIMG0176_sg2,SIMG0176,4574,3784,3974,3039,5763,3382
SIMG0176_sg3,SIMG0176,7403,6194,6000,7044,4841,6035
SIMG0176_sg4,SIMG0176,4751,5199,3918,4246,4994,3323
SIMG0177_sg1,SIMG0177,8785,10431,9922,6725,6762,6948
SIMG0177_sg2,SIMG0177,4011,3752,3183,4365,3521,3462
SIMG0177_sg3,SIMG0177,5131,8158,5943,6020,7444,5664
SIMG0177_sg4,SIMG0177,7753,7971,8281,9294,7178,7159
SIMG0178_sg1,SIMG0178,6226,4684,4218,6809,5000,3729
SIMG0178_sg2,SIMG0178,4961,4375,3640,5210,4166,3955
SIMG0178_sg3,SIMG0178,4600,3913,3916,3214,3133,3713
SIMG0178_sg4,SIMG0178,3922,4504,3616,2780,2642,2324
SIMG0179_sg1,SIMG0179,7534,7077,5365,5668,7653,3778
SIMG0179_sg2,SIMG0179,5767,4459,4918,4618,6431,3474
SIMG0179_sg3,SIMG0179,7556,6600,8717,5793,7215,4053
SIMG0179_sg4,SIMG0179,7345,4455,3131,4883,4759,3252
SIMG0180_sg1,SIMG0180,3012,3152,3741,3773,2091,2645
SIMG0180_sg2,SIMG0180,5456,7492,5773,6994,7425,3178
SIMG0180_sg3,SIMG0180,2966,3470,2793,2334,3646,1706
SIMG0180_sg4,SIMG0180,4084,4998,4211,3155,3390,4472
SIMG0181_sg1,SIMG0181,2411,4317,2544,2183,4387,2329
SIMG0181_sg2,SIMG0181,4720,4655,3965,4403,3593,3641
SIMG0181_sg3,SIMG0181,8104,6188,6661,4350,5869,3787
SIMG0181_sg4,SIMG0181,5074,4674,6069,5120,5010,3999
SIMG0182_sg1,SIMG0182,8780,11008,8072,9823,9966,11255
SIMG0182_sg2,SIMG0182,5687,6710,9606,7563,6417,5854
SIMG0182_sg3,SIMG0182,3690,5386,4114,3825,3619,2561
SIMG0182_sg4,SIMG0182,2435,2824,1972,2467,2026,1703
SIMG0183_sg1,SIMG0183,7418,7429,6190,7064,7756,5317
SIMG0183_sg2,SIMG0183,3175,3317,2878,2746,3948,3347
SIMG0183_sg3,SIMG0183,3277,4178,4089,3406,6578,4099
SIMG0183_sg4,SIMG0183,4417,3759,3166,3799,3234,4053
SIMG0184_sg1,SIMG0184,5026,4789,3918,4850,4299,3521
SIMG0184_sg2,SIMG0184,6759,5873,6797,5869,6587,4887
SIMG0184_sg3,SIMG0184,2898,3839,3526,3099,3014,3024
SIMG0184_sg4,SIMG0184,14508,14598,13625,11023,16888,10810
SIMG0185_sg1,SIMG0185,6514,6294,5391,5753,5384,3051
SIMG0185_sg2,SIMG0185,5920,6794,3343,4279,5919,3339
SIMG0185_sg3,SIMG0185,4744,3819,4171,4223,3380,3513
SIMG0185_sg4,SIMG0185,4173,5048,3956,4986,3659,3026
SIMG0186_sg1,SIMG0186,5684,4943,6066,4709,5234,5032
SIMG0186_sg2,SIMG0186,7418,6127,7913,7537,5844,4912
SIMG0186_sg3,SIMG0186,8022,7945,6951,8843,8507,4423
SIMG0186_sg4,SIMG0186,6606,6562,3804,6464,6304,4838
SIMG0187_sg1,SIMG0187,6124,5090,5485,6790,4657,3922
SIMG0187_sg2,SIMG0187,3855,4500,2924,2992,4389,2914
SIMG0187_sg3,SIMG0187,9237,7246,8319,9934,8960,6919
SIMG0187_sg4,SIMG0187,4346,4258,5361,4909,4705,4658
SIMG0188_sg1,SIMG0188,5447,7141,4627,8423,5628,3618
SIMG0188_sg2,SIMG0188,3104,3442,2749,3415,3141,3350
SIMG0188_sg3,SIMG0188,2878,2256,2328,3939,2473,2424
SIMG0188_sg4,SIMG0188,6023,5384,5805,6627,5453,3455
SIMG0189_sg1,SIMG0189,4635,5031,3599,6157,5009,3542
SIMG0189_sg2,SIMG0189,5057,7439,7926,7143,6632,5647
SIMG0189_sg3,SIMG0189,6773,7624,4526,6337,5922,5942
SIMG0189_sg4,SIMG0189,9415,6961,5976,7807,11878,6957
SIMG0190_sg1,SIMG0190,6543,8707,5675,8677,10445,4990
SIMG0190_sg2,SIMG0190,6765,4684,3754,5880,4024,3877
SIMG0190_sg3,SIMG0190,7432,8415,6860,5122,5812,4525
SIMG0190_sg4,SIMG0190,6576,9396,5808,7837,7692,3001
SIMG0191_sg1,SIMG0191,4417,4463,3422,3187,3747,3629
SIMG0191_sg2,SIMG0191,9977,8483,7828,6234,6047,4891
SIMG0191_sg3,SIMG0191,6582,7101,5865,6912,5284,5275
SIMG0191_sg4,SIMG0191,6871,4860,6023,8473,6034,5094
SIMG0192_sg1,SIMG0192,12358,7640,8432,8558,7698,7488
SIMG0192_sg2,SIMG0192,7581,6566,6821,9109,5082,5226
SIMG0192_sg3,SIMG0192,4491,5259,3991,3195,4749,5059
SIMG0192_sg4,SIMG0192,5270,3010,4336,4071,3316,2328
SIMG0193_sg1,SIMG0193,4771,3951,2975,4831,3545,3080
SIMG0193_sg2,SIMG0193,5122,5338,4515,5142,6569,3496
SIMG0193_sg3,SIMG0193,7968,5271,3886,3604,5397,5001
SIMG0193_sg4,SIMG0193,7041,5200,5531,6157,7232,4840
SIMG0194_sg1,SIMG0194,5038,4111,4048,4225,4965,2657
SIMG0194_sg2,SIMG0194,5771,5276,4618,4989,3806,4053
SIMG0194_sg3,SIMG0194,7322,7011,7806,11999,8165,5375
SIMG0194_sg4,SIMG0194,9441,8304,6926,7179,6677,5098
SIMG0195_sg1,SIMG0195,7235,5948,5669,9610,6190,5213
SIMG0195_sg2,SIMG0195,3109,3686,4329,3905,4191,3143
SIMG0195_sg3,SIMG0195,3850,4300,3829,4477,3555,4129
SIMG0195_sg4,SIMG0195,4205,4102,4047,5502,4947,3980
SIMG0196_sg1,SIMG0196,2266,2588,3928,3287,2704,2779
SIMG0196_sg2,SIMG0196,9636,7489,6424,6068,6424,7655
SIMG0196_sg3,SIMG0196,9223,11174,8574,13853,10209,9939
SIMG0196_sg4,SIMG0196,8272,8849,9217,9322,6126,5471
SIMG0197_sg1,SIMG0197,7382,4706,4635,8138,5186,3140
SIMG0197_sg2,SIMG0197,2826,5158,2810,4410,4353,3930
SIMG0197_sg3,SIMG0197,3741,3673,4596,5660,4051,3716
SIMG0197_sg4,SIMG0197,2532,3795,3154,2606,3113,1949
SIMG0198_sg1,SIMG0198,8311,9150,8955,13939,15635,8272
SIMG0198_sg2,SIMG0198,3760,3750,4408,6620,9654,4561
SIMG0198_sg3,SIMG0198,11313,15426,9999,22211,16356,16554
SIMG0198_sg4,SIMG0198,5541,4331,4126,14955,10406,11110
SIMG0199_sg1,SIMG0199,2681,3215,2055,3455,2343,2007
SIMG0199_sg2,SIMG0199,5898,5014,5587,7836,6191,4275
SIMG0199_sg3,SIMG0199,2772,5533,3386,5462,5182,2467
SIMG0199_sg4,SIMG0199,4134,4728,2947,5308,3156,3303
SIMG0200_sg1,SIMG0200,4725,5190,5817,4287,6908,2924
SIMG0200_sg2,SIMG0200,11798,7903,6845,5915,5330,6676
SIMG0200_sg3,SIMG0200,4947,4675,3939,7565,4685,5307
SIMG0200_sg4,SIMG0200,4462,4905,6928,5208,3976,2715
SIMG0201_sg1,SIMG0201,6072,4912,3316,14295,6860,8771
SIMG0201_sg2,SIMG0201,4530,6172,4677,7735,7614,5683
SIMG0201_sg3,SIMG0201,7074,5229,5366,11067,10055,9516
SIMG0201_sg4,SIMG0201,3956,4203,3654,8686,5769,8775
SIMG0202_sg1,SIMG0202,2154,2055,2402,3725,1978,1815
SIMG0202_sg2,SIMG0202,2943,3309,2875,2717,2960,1975
SIMG0202_sg3,SIMG0202,5993,4853,5740,5705,4170,4291
SIMG0202_sg4,SIMG0202,3507,3486,2185,3692,2753,2880
SIMG0203_sg1,SIMG0203,5769,6419,5406,4621,8874,4025
SIMG0203_sg2,SIMG0203,9045,8191,7674,11979,15583,7321
SIMG0203_sg3,SIMG0203,4721,6725,4963,4910,2986,3177
SIMG0203_sg4,SIMG0203,4292,4206,3110,4453,4620,3204
SIMG0204_sg1,SIMG0204,1686,1315,1060,1803,1389,1747
SIMG0204_sg2,SIMG0204,3791,2967,2582,4159,3732,3159
SIMG0204_sg3,SIMG0204,3485,2654,3274,3750,2554,3015
SIMG0204_sg4,SIMG0204,7360,4523,3924,4171,6109,6174
SIMG0205_sg1,SIMG0205,4757,6674,7415,5643,6997,6688
SIMG0205_sg2,SIMG0205,6520,7467,3869,4511,5129,3053
SIMG0205_sg3,SIMG0205,4913,4641,5145,5089,4660,3208
SIMG0205_sg4,SIMG0205,12436,8617,8037,10218,10798,5110
SIMG0206_sg1,SIMG0206,2590,3926,3200,3935,2483,1923
SIMG0206_sg2,SIMG0206,3301,2959,2345,4228,3466,2440
SIMG0206_sg3,SIMG0206,2996,3981,3800,4123,3254,3479
SIMG0206_sg4,SIMG0206,6250,8489,6457,7535,6318,5815
SIMG0207_sg1,SIMG0207,6680,7888,5079,9617,6541,3586
SIMG0207_sg2,SIMG0207,4821,4598,3985,5644,5003,4257
SIMG0207_sg3,SIMG0207,6369,5993,7979,7411,6166,6846
SIMG0207_sg4,SIMG0207,7795,8014,4370,6906,5549,5496
SIMG0208_sg1,SIMG0208,6064,5303,5143,2275,1763,1818
SIMG0208_sg2,SIMG0208,7529,10495,6605,3077,3113,2233
SIMG0208_sg3,SIMG0208,4039,3243,3539,1489,1572,1875
SIMG0208_sg4,SIMG0208,7498,6342,6556,2618,1789,1802
SIMG0209_sg1,SIMG0209,2870,4393,2916,3834,3445,3701
SIMG0209_sg2,SIMG0209,2963,3525,2346,4614,2850,2580
SIMG0209_sg3,SIMG0209,6785,6961,6278,7642,7356,4751
SIMG0209_sg4,SIMG0209,6309,6689,4673,4747,6072,4547
SIMG0210_sg1,SIMG0210,6012,5662,6137,5922,4614,4767
SIMG0210_sg2,SIMG0210,2793,2070,1958,2280,1756,2008
SIMG0210_sg3,SIMG0210,4663,5052,2867,4397,4161,3217
SIMG0210_sg4,SIMG0210,8553,10019,9661,8497,7160,7144
SIMG0211_sg1,SIMG0211,4214,4468,3822,3988,3438,3965
SIMG0211_sg2,SIMG0211,4257,3288,2963,4141,2720,3112
SIMG0211_sg3,SIMG0211,4776,3863,4511,5522,3940,4201
SIMG0211_sg4,SIMG0211,10731,9280,8129,6663,9232,5667
SIMG0212_sg1,SIMG0212,3800,2887,3820,5662,3256,3034
SIMG0212_sg2,SIMG0212,2237,2521,2537,2831,1809,2074
SIMG0212_sg3,SIMG0212,4873,4607,4583,8070,6446,5546
SIMG0212_sg4,SIMG0212,5727,6504,8315,8730,5908,4563
SIMG0213_sg1,SIMG0213,3189,4615,3644,2955,3242,4020
SIMG0213_sg2,SIMG0213,5143,2847,3166,3833,4141,2361
SIMG0213_sg3,SIMG0213,5703,4620,4532,5548,5790,6079
SIMG0213_sg4,SIMG0213,13766,17007,12085,14247,13573,9583
SIMG0214_sg1,SIMG0214,6541,6231,4595,10215,8012,6652
SIMG0214_sg2,SIMG0214,12850,11384,19782,17051,15323,15493
SIMG0214_sg3,SIMG0214,3743,3374,3753,5303,6366,3852
SIMG0214_sg4,SIMG0214,6743,6122,5302,7238,11401,6098
SIMG0215_sg1,SIMG0215,5642,5840,3228,4145,4891,3261
SIMG0215_sg2,SIMG0215,4959,5256,4597,5715,3747,2908
SIMG0215_sg3,SIMG0215,5722,4981,4786,6907,6105,5135
SIMG0215_sg4,SIMG0215,5792,4293,4037,7727,6086,4025
SIMG0216_sg1,SIMG0216,6091,4728,5091,4570,4864,2923
SIMG0216_sg2,SIMG0216,3028,2796,3218,1829,3482,2026
SIMG0216_sg3,SIMG0216,5275,9690,9411,6029,7110,5843
SIMG0216_sg4,SIMG0216,7193,5139,5287,5708,5969,4789
SIMG0217_sg1,SIMG0217,4371,2398,3305,3273,2880,2592
SIMG0217_sg2,SIMG0217,10466,7788,7784,8550,9672,5251
SIMG0217_sg3,SIMG0217,5623,7322,4850,4405,5797,6678
SIMG0217_sg4,SIMG0217,4073,4926,4312,3565,3608,2954
SIMG0218_sg1,SIMG0218,12212,10442,8012,10284,11209,6739
SIMG0218_sg2,SIMG0218,7121,6877,8577,9330,6346,5567
SIMG0218_sg3,SIMG0218,3864,4859,4780,5803,4879,3943
SIMG0218_sg4,SIMG0218,5701,4591,5346,6750,6228,4199
SIMG0219_sg1,SIMG0219,5323,9254,4264,5776,4204,3813
SIMG0219_sg2,SIMG0219,4599,4036,5924,5981,5632,6943
SIMG0219_sg3,SIMG0219,4392,3028,3453,3455,3137,2338
SIMG0219_sg4,SIMG0219,6556,4511,3974,4287,3747,4853
SIMG0220_sg1,SIMG0220,11359,9726,9199,8908,7491,6182
SIMG0220_sg2,SIMG0220,10406,7795,7502,6930,8100,5550
SIMG0220_sg3,SIMG0220,4016,2986,2887,4139,3471,2425
SIMG0220_sg4,SIMG0220,4934,3714,4107,4393,5899,3251
SIMG0221_sg1,SIMG0221,8778,6581,5450,7439,6917,5202
SIMG0221_sg2,SIMG0221,7049,11194,9825,12387,8039,5565
SIMG0221_sg3,SIMG0221,2946,2711,2411,3386,2247,2174
SIMG0221_sg4,SIMG0221,2712,2350,3565,3039,2776,2688
SIMG0222_sg1,SIMG0222,9961,7843,6593,9737,9035,9039
SIMG0222_sg2,SIMG0222,3195,2846,3160,2489,2506,2157
SIMG0222_sg3,SIMG0222,4702,3199,2852,4338,3945,3166
SIMG0222_sg4,SIMG0222,6997,9050,8134,8566,8121,7812
SIMG0223_sg1,SIMG0223,6544,5907,5092,5000,4976,3690
SIMG0223_sg2,SIMG0223,4174,4013,2594,3131,3550,3492
SIMG0223_sg3,SIMG0223,3853,3997,2978,3308,3290,3484
SIMG0223_sg4,SIMG0223,9707,6498,7237,7976,7262,6442
SIMG0224_sg1,SIMG0224,3612,4997,4349,3942,3514,5603
SIMG0224_sg2,SIMG0224,10750,10000,12955,6839,7127,4273
SIMG0224_sg3,SIMG0224,2840,2704,2965,2863,2331,2062
SIMG0224_sg4,SIMG0224,4203,7765,4284,3608,3095,2287
SIMG0225_sg1,SIMG0225,4870,3488,3760,3932,1900,1424
SIMG0225_sg2,SIMG0225,2791,3287,2238,2754,2431,1861
SIMG0225_sg3,SIMG0225,5154,8249,6985,4044,3570,2789
SIMG0225_sg4,SIMG0225,6879,5170,5400,5451,5702,3953
SIMG0226_sg1,SIMG0226,3811,4089,4357,5186,4499,2592
SIMG0226_sg2,SIMG0226,7474,6519,5621,7306,5752,4114
SIMG0226_sg3,SIMG0226,10794,8551,8738,10113,7469,6004
SIMG0226_sg4,SIMG0226,3641,3389,3165,5243,3217,2432
SIMG0227_sg1,SIMG0227,5176,7445,5962,4450,6613,5960
SIMG0227_sg2,SIMG0227,3739,3929,4446,2974,3661,4121
SIMG0227_sg3,SIMG0227,5057,6085,6448,6145,6422,3937
SIMG0227_sg4,SIMG0227,7794,6169,4991,5132,6137,4792
SIMG0228_sg1,SIMG0228,6788,12579,5907,7140,5432,7133
SIMG0228_sg2,SIMG0228,14750,7682,10566,8078,9354,10330
SIMG0228_sg3,SIMG0228,3428,3814,3240,3812,3940,2762
SIMG0228_sg4,SIMG0228,6473,5234,5026,7234,6416,4976
SIMG0229_sg1,SIMG0229,6746,6977,5827,5270,5836,5884
SIMG0229_sg2,SIMG0229,4510,6915,6821,8379,5873,6696
SIMG0229_sg3,SIMG0229,5405,5010,2611,4913,3510,5205
SIMG0229_sg4,SIMG0229,10301,9527,9080,11480,7895,7060
SIMG0230_sg1,SIMG0230,2015,2445,2415,2423,2013,1651
SIMG0230_sg2,SIMG0230,4820,6014,5297,5559,3466,4817
SIMG0230_sg3,SIMG0230,8217,6962,6602,6299,7784,7195
SIMG0230_sg4,SIMG0230,10761,8724,7258,8927,6960,6810
SIMG0231_sg1,SIMG0231,4294,6349,5320,4884,5615,4774
SIMG0231_sg2,SIMG0231,8315,6149,7112,6719,6440,3310
SIMG0231_sg3,SIMG0231,7185,5657,6031,6046,8350,3284
SIMG0231_sg4,SIMG0231,4728,6261,5993,5289,5959,3982
SIMG0232_sg1,SIMG0232,4131,4703,4667,4060,6622,4287
SIMG0232_sg2,SIMG0232,5610,6300,4860,6577,6849,5686
SIMG0232_sg3,SIMG0232,2697,2168,1652,2712,2770,1798
SIMG0232_sg4,SIMG0232,4473,4808,3206,3108,2989,2872
SIMG0233_sg1,SIMG0233,4699,3925,6330,6279,6530,4844
SIMG0233_sg2,SIMG0233,3387,3873,4341,4318,4198,3516
SIMG0233_sg3,SIMG0233,4071,3592,3009,3042,3191,2257
SIMG0233_sg4,SIMG0233,7056,6464,4765,7163,5964,4425
SIMG0234_sg1,SIMG0234,6659,4481,4175,4772,5210,4465
SIMG0234_sg2,SIMG0234,2727,2989,3265,3612,3477,2680
SIMG0234_sg3,SIMG0234,5108,5684,5533,4918,4212,2032
SIMG0234_sg4,SIMG0234,2650,3053,1944,3408,2941,2580
SIMG0235_sg1,SIMG0235,4056,3983,2543,4332,3154,3850
SIMG0235_sg2,SIMG0235,3435,2030,2295,3171,2495,3073
SIMG0235_sg3,SIMG0235,2827,3558,3188,3589,3558,1884
SIMG0235_sg4,SIMG0235,9025,8459,6350,8721,7034,9187
SIMG0236_sg1,SIMG0236,4261,5127,4227,4954,4605,3179
SIMG0236_sg2,SIMG0236,9305,9947,7233,8971,7962,8563
SIMG0236_sg3,SIMG0236,4903,4987,4875,6679,5177,3072
SIMG0236_sg4,SIMG0236,3960,3839,4878,4200,4656,2785
SIMG0237_sg1,SIMG0237,6510,10760,5650,13210,6350,5924
SIMG0237_sg2,SIMG0237,7153,6731,5662,6641,7446,3986
SIMG0237_sg3,SIMG0237,8650,10107,8846,6772,10533,5527
SIMG0237_sg4,SIMG0237,7450,6631,3200,6533,5062,5341
SIMG0238_sg1,SIMG0238,5364,4482,4288,4452,5853,3447
SIMG0238_sg2,SIMG0238,3186,3381,2300,3250,3096,1759
SIMG0238_sg3,SIMG0238,5625,5183,3889,5945,5385,3459
SIMG0238_sg4,SIMG0238,6433,5244,7090,5479,5620,4993
SIMG0239_sg1,SIMG0239,4053,4307,3674,4089,4583,4463
SIMG0239_sg2,SIMG0239,3803,4218,2764,3166,3217,2376
SIMG0239_sg3,SIMG0239,4899,3382,3960,4323,3641,4640
SIMG0239_sg4,SIMG0239,5926,5438,4168,6028,6403,4398
SIMG0240_sg1,SIMG0240,3745,3232,3907,3625,3000,2306
SIMG0240_sg2,SIMG0240,7294,6247,3070,4836,3348,3794
SIMG0240_sg3,SIMG0240,2628,3568,2447,4440,3962,3547
SIMG0240_sg4,SIMG0240,10397,7704,5935,7182,6901,5247
SIMG0241_sg1,SIMG0241,5953,5644,5198,5681,7439,4679
SIMG0241_sg2,SIMG0241,8836,12091,8093,10332,8159,6657
SIMG0241_sg3,SIMG0241,4542,5788,3983,5520,4440,3575
SIMG0241_sg4,SIMG0241,4459,3356,4804,4962,5308,4539
SIMG0242_sg1,SIMG0242,4133,5467,4864,5007,5527,3627
SIMG0242_sg2,SIMG0242,4446,4448,5830,6148,3979,4861
SIMG0242_sg3,SIMG0242,6383,6055,5081,5888,4510,5531
SIMG0242_sg4,SIMG0242,6513,5007,5735,8177,7067,4770
SIMG0243_sg1,SIMG0243,5395,5103,5546,5523,4508,3657
SIMG0243_sg2,SIMG0243,2365,2079,1609,1963,1737,1577
SIMG0243_sg3,SIMG0243,4106,4256,3597,3560,3318,2990
SIMG0243_sg4,SIMG0243,4590,4734,5388,7982,5702,3919
SIMG0244_sg1,SIMG0244,4529,7243,5368,5030,4929,4367
SIMG0244_sg2,SIMG0244,5093,3969,3394,5935,3780,4296
SIMG0244_sg3,SIMG0244,6008,5015,4393,4590,6766,4130
SIMG0244_sg4,SIMG0244,4308,5290,4686,5599,4985,3199
SIMG0245_sg1,SIMG0245,3250,2881,3402,2085,1367,1524
SIMG0245_sg2,SIMG0245,4560,4430,4156,1463,1374,1379
SIMG0245_sg3,SIMG0245,7121,6520,7263,4258,2335,2893
SIMG0245_sg4,SIMG0245,3135,2776,2082,1169,1231,1146
SIMG0246_sg1,SIMG0246,3599,2325,2260,2424,1884,2414
SIMG0246_sg2,SIMG0246,6734,5291,8692,5461,5357,4868
SIMG0246_sg3,SIMG0246,3557,4226,4886,4686,5963,3578
SIMG0246_sg4,SIMG0246,6593,5684,4186,7263,6310,4140
SIMG0247_sg1,SIMG0247,4321,4749,4773,5112,4625,4478
SIMG0247_sg2,SIMG0247,3932,2527,2540,2940,2908,2282
SIMG0247_sg3,SIMG0247,3165,4350,3088,2951,4120,2201
SIMG0247_sg4,SIMG0247,10158,4713,5632,4972,7059,4956
SIMG0248_sg1,SIMG0248,5709,7775,5367,6412,4270,5281
SIMG0248_sg2,SIMG0248,4984,4853,3365,5880,6228,5080
SIMG0248_sg3,SIMG0248,6270,4885,6275,5019,7187,4229
SIMG0248_sg4,SIMG0248,6211,8165,4961,5923,8054,4936
SIMG0249_sg1,SIMG0249,3421,6745,4909,4634,5950,4476
SIMG0249_sg2,SIMG0249,7856,11250,8248,9239,9490,6435
SIMG0249_sg3,SIMG0249,9088,7239,4464,6393,7713,5711
SIMG0249_sg4,SIMG0249,4215,4381,5029,5352,5474,2966
SIMG0250_sg1,SIMG0250,7766,7685,9000,9237,7743,6136
SIMG0250_sg2,SIMG0250,4578,6364,3742,4945,4183,3586
SIMG0250_sg3,SIMG0250,4739,4530,3534,6912,5669,3613
SIMG0250_sg4,SIMG0250,6636,5365,5825,8097,6667,3609
SIMG0251_sg1,SIMG0251,6389,6352,6681,5366,5188,4647
SIMG0251_sg2,SIMG0251,4235,2860,3560,3896,3023,3583
SIMG0251_sg3,SIMG0251,2907,2029,2084,2205,1654,1759
SIMG0251_sg4,SIMG0251,4239,3332,5150,3948,4244,2775
SIMG0252_sg1,SIMG0252,9008,9016,6611,10771,7008,8926
SIMG0252_sg2,SIMG0252,4343,4226,4849,5210,4607,3272
SIMG0252_sg3,SIMG0252,4288,5154,4645,5353,5079,3976
SIMG0252_sg4,SIMG0252,8065,7177,5850,6294,7639,8039
SIMG0253_sg1,SIMG0253,4796,5745,4756,4640,4334,3731
SIMG0253_sg2,SIMG0253,4033,4085,3897,4940,3236,3190
SIMG0253_sg3,SIMG0253,5276,8651,7209,4856,5294,4513
SIMG0253_sg4,SIMG0253,7294,6504,8150,6856,7989,4021
SIMG0254_sg1,SIMG0254,6838,6597,5123,9310,4085,5110
SIMG0254_sg2,SIMG0254,5268,5331,4202,3025,3629,3158
SIMG0254_sg3,SIMG0254,4700,6221,5745,5874,4554,7330
SIMG0254_sg4,SIMG0254,3246,4983,4139,3154,4075,2409
SIMG0255_sg1,SIMG0255,7642,11207,4682,8192,7916,5902
SIMG0255_sg2,SIMG0255,11307,11305,8218,10459,9778,5198
SIMG0255_sg3,SIMG0255,4956,7623,6664,5500,5951,4250
SIMG0255_sg4,SIMG0255,5002,4848,4037,5501,4966,3434
SIMG0256_sg1,SIMG0256,6734,5712,6525,6025,6952,3972
SIMG0256_sg2,SIMG0256,11590,6774,8166,6935,6582,6715
SIMG0256_sg3,SIMG0256,5590,5529,4546,6642,5289,3762
SIMG0256_sg4,SIMG0256,5890,8362,5522,8539,9145,5541
SIMG0257_sg1,SIMG0257,4551,4592,2808,4159,2441,3180
SIMG0257_sg2,SIMG0257,5477,7127,5022,8219,5240,3827
SIMG0257_sg3,SIMG0257,1400,1371,1374,1379,1608,1203
SIMG0257_sg4,SIMG0257,5585,3421,4186,3380,2986,3818
SIMG0258_sg1,SIMG0258,5496,4203,3962,4815,4578,3432
SIMG0258_sg2,SIMG0258,4678,3037,3265,3647,3333,2743
SIMG0258_sg3,SIMG0258,3480,4038,2690,5086,4134,2795
SIMG0258_sg4,SIMG0258,3271,3425,3100,4276,5240,3464
SIMG0259_sg1,SIMG0259,5718,6054,4063,7442,6019,3178
SIMG0259_sg2,SIMG0259,4349,5032,3730,5104,4016,3246
SIMG0259_sg3,SIMG0259,3245,2565,2580,3447,3110,2429
SIMG0259_sg4,SIMG0259,4072,2917,2441,3551,2446,2496
SIMG0260_sg1,SIMG0260,4183,3013,3044,4270,3712,3051
SIMG0260_sg2,SIMG0260,4481,3731,3584,4087,3735,2183
SIMG0260_sg3,SIMG0260,7704,12838,7519,13130,8018,6336
SIMG0260_sg4,SIMG0260,5807,4751,3789,4199,4862,2914
SIMG0261_sg1,SIMG0261,6518,5437,5584,8401,5162,5787
SIMG0261_sg2,SIMG0261,5926,8663,3730,5188,7400,4981
SIMG0261_sg3,SIMG0261,2964,3585,3010,3538,4476,2384
SIMG0261_sg4,SIMG0261,8009,7439,7889,11181,7393,6894
SIMG0262_sg1,SIMG0262,15092,12134,11702,10824,10935,8034
SIMG0262_sg2,SIMG0262,5772,5249,5188,3494,6169,2697
SIMG0262_sg3,SIMG0262,4203,3468,2602,4575,3624,3649
SIMG0262_sg4,SIMG0262,3971,3499,2723,3624,2965,2039
SIMG0263_sg1,SIMG0263,9739,6367,8126,7610,8356,5207
SIMG0263_sg2,SIMG0263,2942,3585,2929,4265,3969,1487
SIMG0263_sg3,SIMG0263,8353,6074,4756,5230,5313,4540
SIMG0263_sg4,SIMG0263,8405,8455,7348,7376,7605,5770
SIMG0264_sg1,SIMG0264,1934,3605,1784,2851,2950,1907
SIMG0264_sg2,SIMG0264,5223,7484,6514,9077,7037,6515
SIMG0264_sg3,SIMG0264,7643,9168,8276,13510,9237,5912
SIMG0264_sg4,SIMG0264,4170,4005,3267,5885,4173,2715
SIMG0265_sg1,SIMG0265,7711,3856,4961,5683,3792,4910
SIMG0265_sg2,SIMG0265,11181,8445,6774,7075,9920,5294
SIMG0265_sg3,SIMG0265,6330,5130,5123,6129,5313,5506
SIMG0265_sg4,SIMG0265,3731,3148,2787,4226,4660,2960
SIMG0266_sg1,SIMG0266,3088,3747,3149,4083,2543,2913
SIMG0266_sg2,SIMG0266,8062,6539,7339,8013,5419,6102
SIMG0266_sg3,SIMG0266,11692,8371,7160,6974,7496,5427
SIMG0266_sg4,SIMG0266,3875,3763,2651,4093,3965,2680
SIMG0267_sg1,SIMG0267,7689,4608,6445,7146,6328,5720
SIMG0267_sg2,SIMG0267,10151,11010,9123,11374,9102,10574
SIMG0267_sg3,SIMG0267,9700,7413,6491,7637,10892,4902
SIMG0267_sg4,SIMG0267,5368,4344,5253,3777,3999,4915
SIMG0268_sg1,SIMG0268,3675,6384,4692,5391,5795,3601
SIMG0268_sg2,SIMG0268,5585,5772,3560,5510,5942,3388
SIMG0268_sg3,SIMG0268,6013,5995,4731,6458,6221,4735
SIMG0268_sg4,SIMG0268,9399,7252,5503,7088,7373,5102
SIMG0269_sg1,SIMG0269,1735,2181,2118,2109,2217,1909
SIMG0269_sg2,SIMG0269,4943,4092,3681,4938,3998,3828
SIMG0269_sg3,SIMG0269,4989,3848,2904,3542,3461,2326
SIMG0269_sg4,SIMG0269,6225,5820,7250,5348,8464,5539
SIMG0270_sg1,SIMG0270,3569,4756,4029,6472,5661,5236
SIMG0270_sg2,SIMG0270,3618,5954,3309,3466,3944,3615
SIMG0270_sg3,SIMG0270,4877,4356,4275,6066,6177,3722
SIMG0270_sg4,SIMG0270,5917,5296,8789,6610,6280,4605
SIMG0271_sg1,SIMG0271,4865,4758,3638,3754,3545,3252
SIMG0271_sg2,SIMG0271,4347,3357,3800,4372,3350,2592
SIMG0271_sg3,SIMG0271,12837,8277,6567,7082,7653,5430
SIMG0271_sg4,SIMG0271,2945,4422,3344,5087,5606,3303
SIMG0272_sg1,SIMG0272,4457,4189,4339,6432,5381,3726
SIMG0272_sg2,SIMG0272,6788,6307,6667,5315,6315,6055
SIMG0272_sg3,SIMG0272,5388,3709,5283,5566,4740,4640
SIMG0272_sg4,SIMG0272,4760,4028,3303,3354,2893,3754
SIMG0273_sg1,SIMG0273,10860,8963,11324,16902,16915,8107
SIMG0273_sg2,SIMG0273,4228,4141,3709,4442,4702,3391
SIMG0273_sg3,SIMG0273,7592,8534,5252,4953,7350,3446
SIMG0273_sg4,SIMG0273,4177,3065,2961,4155,3302,3208
SIMG0274_sg1,SIMG0274,4608,5641,4887,6798,6600,5913
SIMG0274_sg2,SIMG0274,5821,4890,6091,6372,6295,5461
SIMG0274_sg3,SIMG0274,2717,5116,2647,3481,3754,3002
SIMG0274_sg4,SIMG0274,6770,5133,7416,7781,6054,4429
SIMG0275_sg1,SIMG0275,3751,3612,2774,4192,4671,4622
SIMG0275_sg2,SIMG0275,2702,4131,1806,2691,3018,1859
SIMG0275_sg3,SIMG0275,4030,5203,4437,6561,5547,3963
SIMG0275_sg4,SIMG0275,6086,5692,4999,6712,5068,4472
SIMG0276_sg1,SIMG0276,3481,4022,4745,5493,5100,5957
SIMG0276_sg2,SIMG0276,7838,10014,7556,7579,6227,6219
SIMG0276_sg3,SIMG0276,6122,11389,4169,11489,7044,5968
SIMG0276_sg4,SIMG0276,5495,6824,5100,6786,4663,7106
SIMG0277_sg1,SIMG0277,6665,7996,8895,12076,12222,10083
SIMG0277_sg2,SIMG0277,2777,2184,3333,3872,7649,3256
SIMG0277_sg3,SIMG0277,9991,5976,5834,9615,10838,6407
SIMG0277_sg4,SIMG0277,3883,4079,4844,5823,6746,5599
SIMG0278_sg1,SIMG0278,3536,2399,2678,3807,3176,2468
SIMG0278_sg2,SIMG0278,3340,3804,3550,4589,3132,2794
SIMG0278_sg3,SIMG0278,2563,2766,3715,3851,2558,2078
SIMG0278_sg4,SIMG0278,9138,5704,6428,7788,8066,4639
SIMG0279_sg1,SIMG0279,4975,5768,4696,7350,4865,6035
SIMG0279_sg2,SIMG0279,6743,7476,9080,8834,11060,5562
SIMG0279_sg3,SIMG0279,6567,6022,5191,8154,7414,4426
SIMG0279_sg4,SIMG0279,4538,4157,3296,3664,4212,4355
SIMG0280_sg1,SIMG0280,5607,7769,5014,7103,6198,5428
SIMG0280_sg2,SIMG0280,5001,4616,5070,4842,4540,4262
SIMG0280_sg3,SIMG0280,4122,3386,2757,3076,4646,3169
SIMG0280_sg4,SIMG0280,5729,4124,3593,4485,4933,3170
SIMG0281_sg1,SIMG0281,12596,8409,10190,9593,10074,6274
SIMG0281_sg2,SIMG0281,6406,5866,5491,4369,5694,3009
SIMG0281_sg3,SIMG0281,3860,2687,3476,3984,3833,3495
SIMG0281_sg4,SIMG0281,6328,4555,3717,5429,4949,3654
SIMG0282_sg1,SIMG0282,3474,4026,3998,8245,5573,6464
SIMG0282_sg2,SIMG0282,7698,5769,6544,6723,9677,7373
SIMG0282_sg3,SIMG0282,4492,4950,3900,8946,11276,8555
SIMG0282_sg4,SIMG0282,3712,3856,2724,12565,13908,5695
SIMG0283_sg1,SIMG0283,3585,3541,5500,3391,3179,3433
SIMG0283_sg2,SIMG0283,4975,4704,4086,6441,4728,4071
SIMG0283_sg3,SIMG0283,4706,5416,3728,7196,4522,2834
SIMG0283_sg4,SIMG0283,3804,5429,3498,5207,4515,4036
SIMG0284_sg1,SIMG0284,4903,2422,2611,3857,3322,3740
SIMG0284_sg2,SIMG0284,5211,4181,4009,4793,4770,3568
SIMG0284_sg3,SIMG0284,10317,8954,6653,8992,6971,5834
SIMG0284_sg4,SIMG0284,9143,5735,4940,11375,7672,5397
SIMG0285_sg1,SIMG0285,4637,4438,4219,2046,2611,2091
SIMG0285_sg2,SIMG0285,5413,6149,5732,2328,3369,2788
SIMG0285_sg3,SIMG0285,3973,3002,3933,1675,1434,1517
SIMG0285_sg4,SIMG0285,10691,6044,7054,1714,1964,2367
SIMG0286_sg1,SIMG0286,3077,3831,3508,4139,3986,4090
SIMG0286_sg2,SIMG0286,5072,3056,3007,2683,3104,3111
SIMG0286_sg3,SIMG0286,8580,8231,6746,8033,7883,8288
SIMG0286_sg4,SIMG0286,3800,4109,3643,6097,4197,3653
SIMG0287_sg1,SIMG0287,11081,9976,11382,10284,9749,9033
SIMG0287_sg2,SIMG0287,5897,6444,5165,6869,4518,4884
SIMG0287_sg3,SIMG0287,4282,4034,5400,3129,6383,2340
SIMG0287_sg4,SIMG0287,3920,4508,3436,4899,5637,3913
SIMG0288_sg1,SIMG0288,3530,5653,4025,5064,4754,3092
SIMG0288_sg2,SIMG0288,6220,5544,5649,6103,6179,6603
SIMG0288_sg3,SIMG0288,4534,5808,3338,4703,4097,4004
SIMG0288_sg4,SIMG0288,7790,10881,7834,8748,7911,8890
SIMG0289_sg1,SIMG0289,4573,4637,4228,4047,4206,3146
SIMG0289_sg2,SIMG0289,3745,3737,3322,3792,2742,3074
SIMG0289_sg3,SIMG0289,3330,4372,2880,4148,3488,2694
SIMG0289_sg4,SIMG0289,11298,8446,9197,8701,8932,8233
SIMG0290_sg1,SIMG0290,1582,2280,1994,1806,1695,1658
SIMG0290_sg2,SIMG0290,9417,8811,6842,8289,10358,5679
SIMG0290_sg3,SIMG0290,3182,4801,3958,4658,4212,3663
SIMG0290_sg4,SIMG0290,4629,5678,5291,5696,3883,5324
SIMG0291_sg1,SIMG0291,1838,2578,2185,1906,1930,1548
SIMG0291_sg2,SIMG0291,6168,6215,4496,5693,7566,3855
SIMG0291_sg3,SIMG0291,3522,3276,2925,3157,2701,2412
SIMG0291_sg4,SIMG0291,4262,3381,3003,3077,3049,2245
SIMG0292_sg1,SIMG0292,5285,6237,3500,4196,4611,2555
SIMG0292_sg2,SIMG0292,9962,9412,10542,9557,7647,11615
SIMG0292_sg3,SIMG0292,1769,3235,2590,3189,2685,2418
SIMG0292_sg4,SIMG0292,3957,3084,4113,5525,4896,3962
SIMG0293_sg1,SIMG0293,5973,6547,4541,5392,4187,5176
SIMG0293_sg2,SIMG0293,4124,4899,5385,8055,4157,3390
SIMG0293_sg3,SIMG0293,5977,6920,5615,8725,5290,4423
SIMG0293_sg4,SIMG0293,3549,4693,4853,5439,5820,4397
SIMG0294_sg1,SIMG0294,5090,3256,3752,4766,3848,2671
SIMG0294_sg2,SIMG0294,2777,3037,3329,4042,3664,2809
SIMG0294_sg3,SIMG0294,3942,4615,3945,4885,3448,3859
SIMG0294_sg4,SIMG0294,4204,3140,3504,3782,4259,3516
SIMG0295_sg1,SIMG0295,6004,8072,7307,8583,4086,4233
SIMG0295_sg2,SIMG0295,3822,3786,2484,2926,2352,2117
SIMG0295_sg3,SIMG0295,6110,4088,5229,4497,5512,4051
SIMG0295_sg4,SIMG0295,4171,4490,3778,4561,3910,3179
SIMG0296_sg1,SIMG0296,2848,3925,2435,3029,3787,3184
SIMG0296_sg2,SIMG0296,8068,7744,6402,5033,4962,4714
SIMG0296_sg3,SIMG0296,6800,5372,5914,7864,6180,4481
SIMG0296_sg4,SIMG0296,7209,8105,5788,9013,6818,6340
SIMG0297_sg1,SIMG0297,2317,3089,5679,3587,3263,4444
SIMG0297_sg2,SIMG0297,4325,5653,3652,3725,4331,2491
SIMG0297_sg3,SIMG0297,3451,5025,3916,4126,3310,3544
SIMG0297_sg4,SIMG0297,6955,7764,8229,7022,6595,4983
SIMG0298_sg1,SIMG0298,6456,6712,5244,6575,6097,4355
SIMG0298_sg2,SIMG0298,5996,6701,6984,8383,9203,4691
SIMG0298_sg3,SIMG0298,2646,2510,2974,2871,3840,2438
SIMG0298_sg4,SIMG0298,7503,10607,7969,11680,11082,8340
SIMG0299_sg1,SIMG0299,1996,2915,1529,2264,1481,1632
SIMG0299_sg2,SIMG0299,8112,5814,5205,6390,9556,3300
SIMG0299_sg3,SIMG0299,5087,4491,5368,5427,4165,4930
SIMG0299_sg4,SIMG0299,5084,4535,4802,7683,5205,3720
SIMG0300_sg1,SIMG0300,5703,6638,4309,3728,5185,2972
SIMG0300_sg2,SIMG0300,7287,5534,5123,5189,4967,3683
SIMG0300_sg3,SIMG0300,6168,4037,4437,5776,6295,4613
SIMG0300_sg4,SIMG0300,4216,3201,2381,2454,3029,1913
NTC_sg01,NON_TARGETING,4440,4145,2866,3334,2623,2498
NTC_sg02,NON_TARGETING,3910,3951,6182,5201,3899,3556
NTC_sg03,NON_TARGETING,2160,2326,2334,2551,1676,2304
NTC_sg04,NON_TARGETING,3826,3015,4164,2675,3650,1850
NTC_sg05,NON_TARGETING,6228,3614,3940,4122,4862,4717
NTC_sg06,NON_TARGETING,5570,6021,3899,5427,8539,5260
NTC_sg07,NON_TARGETING,7768,7619,6176,6357,5443,4536
NTC_sg08,NON_TARGETING,6725,7424,6527,5018,6372,3226
NTC_sg09,NON_TARGETING,3201,2443,2056,3030,1990,1689
NTC_sg10,NON_TARGETING,2809,2772,3224,2539,3333,2783
NTC_sg11,NON_TARGETING,3433,3444,2888,2630,3650,3139
NTC_sg12,NON_TARGETING,2463,2659,2450,2591,2609,2106
NTC_sg13,NON_TARGETING,7606,6381,7388,4924,4990,7182
NTC_sg14,NON_TARGETING,11261,9105,8194,14605,10406,9537
NTC_sg15,NON_TARGETING,4545,5762,4180,5587,4917,4745
NTC_sg16,NON_TARGETING,2256,2526,1596,2771,2825,1912
NTC_sg17,NON_TARGETING,3845,4414,2477,3280,4084,2632
NTC_sg18,NON_TARGETING,6246,9897,7003,8859,5059,4884
NTC_sg19,NON_TARGETING,3769,2414,3939,4565,3871,4102
NTC_sg20,NON_TARGETING,2584,2009,2436,2890,2500,2476
NTC_sg21,NON_TARGETING,7951,6644,7562,6068,6013,6102
NTC_sg22,NON_TARGETING,2214,2268,1930,2498,1641,1549
NTC_sg23,NON_TARGETING,6756,5109,4887,5742,3405,5125
NTC_sg24,NON_TARGETING,4846,6236,5280,7130,5169,5682
NTC_sg25,NON_TARGETING,7472,6743,4633,4159,4549,4514
NTC_sg26,NON_TARGETING,8198,6695,6880,5426,6782,6053
NTC_sg27,NON_TARGETING,5420,7969,4768,5129,5170,3942
NTC_sg28,NON_TARGETING,5798,7935,3615,5384,5543,4586
NTC_sg29,NON_TARGETING,5971,7518,4058,8350,6512,4502
NTC_sg30,NON_TARGETING,6492,7342,6279,7230,7255,4785
NTC_sg31,NON_TARGETING,2636,4228,3116,3274,3635,2433
NTC_sg32,NON_TARGETING,4044,2983,2572,3911,3390,2622
NTC_sg33,NON_TARGETING,3606,3719,2887,4275,4287,2621
NTC_sg34,NON_TARGETING,3660,2871,4086,5448,3288,3220
NTC_sg35,NON_TARGETING,4676,5358,5312,5687,3692,3751
NTC_sg36,NON_TARGETING,2905,4340,3125,4240,3979,2905
NTC_sg37,NON_TARGETING,4037,3508,4886,3899,3635,2645
NTC_sg38,NON_TARGETING,2998,3299,3873,5027,3756,3408
NTC_sg39,NON_TARGETING,7073,7193,4007,4759,7680,4255
NTC_sg40,NON_TARGETING,7205,12055,5992,7667,6865,7078
