strain,temperature_c,replicate,time_h,od600
ZW-HYPER-02,60,1,0,0.0224
ZW-HYPER-02,60,1,1,0.0206
ZW-HYPER-02,60,1,2,0.0186
ZW-HYPER-02,60,1,3,0.0205
ZW-HYPER-02,60,1,4,0.0191
ZW-HYPER-02,60,1,5,0.0163
ZW-HYPER-02,60,1,6,0.0190
ZW-HYPER-02,60,1,7,0.0194
ZW-HYPER-02,60,1,8,0.0206
ZW-HYPER-02,60,1,9,0.0297
ZW-HYPER-02,60,1,10,0.0259
ZW-HYPER-02,60,1,11,0.0240
ZW-HYPER-02,60,1,12,0.0280
ZW-HYPER-02,60,1,13,0.0178
ZW-HYPER-02,60,1,14,0.0279
ZW-HYPER-02,60,1,15,0.0192
ZW-HYPER-02,60,1,16,0.0240
ZW-HYPER-02,60,1,17,0.0166
ZW-HYPER-02,60,1,18,0.0304
ZW-HYPER-02,60,1,19,0.0203
ZW-HYPER-02,60,1,20,0.0225
ZW-HYPER-02,60,1,21,0.0209
ZW-HYPER-02,60,1,22,0.0274
ZW-HYPER-02,60,1,23,0.0180
ZW-HYPER-02,60,1,24,0.0259
ZW-HYPER-02,60,1,25,0.0225
ZW-HYPER-02,60,1,26,0.0278
ZW-HYPER-02,60,1,27,0.0217
ZW-HYPER-02,60,1,28,0.0270
ZW-HYPER-02,60,1,29,0.0275
ZW-HYPER-02,60,1,30,0.0276
ZW-HYPER-02,60,2,0,0.0169
ZW-HYPER-02,60,2,1,0.0203
ZW-HYPER-02,60,2,2,0.0178
ZW-HYPER-02,60,2,3,0.0237
ZW-HYPER-02,60,2,4,0.0177
ZW-HYPER-02,60,2,5,0.0258
ZW-HYPER-02,60,2,6,0.0245
ZW-HYPER-02,60,2,7,0.0168
ZW-HYPER-02,60,2,8,0.0159
ZW-HYPER-02,60,2,9,0.0201
ZW-HYPER-02,60,2,10,0.0213
ZW-HYPER-02,60,2,11,0.0208
ZW-HYPER-02,60,2,12,0.0173
ZW-HYPER-02,60,2,13,0.0206
ZW-HYPER-02,60,2,14,0.0193
ZW-HYPER-02,60,2,15,0.0205
ZW-HYPER-02,60,2,16,0.0220
ZW-HYPER-02,60,2,17,0.0302
ZW-HYPER-02,60,2,18,0.0174
ZW-HYPER-02,60,2,19,0.0242
ZW-HYPER-02,60,2,20,0.0257
ZW-HYPER-02,60,2,21,0.0271
ZW-HYPER-02,60,2,22,0.0311
ZW-HYPER-02,60,2,23,0.0168
ZW-HYPER-02,60,2,24,0.0227
ZW-HYPER-02,60,2,25,0.0182
ZW-HYPER-02,60,2,26,0.0210
ZW-HYPER-02,60,2,27,0.0244
ZW-HYPER-02,60,2,28,0.0246
ZW-HYPER-02,60,2,29,0.0300
ZW-HYPER-02,60,2,30,0.0269
ZW-HYPER-02,60,3,0,0.0218
ZW-HYPER-02,60,3,1,0.0243
ZW-HYPER-02,60,3,2,0.0171
ZW-HYPER-02,60,3,3,0.0158
ZW-HYPER-02,60,3,4,0.0235
ZW-HYPER-02,60,3,5,0.0202
ZW-HYPER-02,60,3,6,0.0269
ZW-HYPER-02,60,3,7,0.0201
ZW-HYPER-02,60,3,8,0.0185
ZW-HYPER-02,60,3,9,0.0251
ZW-HYPER-02,60,3,10,0.0219
ZW-HYPER-02,60,3,11,0.0240
ZW-HYPER-02,60,3,12,0.0165
ZW-HYPER-02,60,3,13,0.0183
ZW-HYPER-02,60,3,14,0.0268
ZW-HYPER-02,60,3,15,0.0252
ZW-HYPER-02,60,3,16,0.0150
ZW-HYPER-02,60,3,17,0.0264
ZW-HYPER-02,60,3,18,0.0288
ZW-HYPER-02,60,3,19,0.0225
ZW-HYPER-02,60,3,20,0.0220
ZW-HYPER-02,60,3,21,0.0259
ZW-HYPER-02,60,3,22,0.0280
ZW-HYPER-02,60,3,23,0.0195
ZW-HYPER-02,60,3,24,0.0227
ZW-HYPER-02,60,3,25,0.0265
ZW-HYPER-02,60,3,26,0.0241
ZW-HYPER-02,60,3,27,0.0310
ZW-HYPER-02,60,3,28,0.0181
ZW-HYPER-02,60,3,29,0.0241
ZW-HYPER-02,60,3,30,0.0229
ZW-HYPER-02,65,1,0,0.0261
ZW-HYPER-02,65,1,1,0.0218
ZW-HYPER-02,65,1,2,0.0225
ZW-HYPER-02,65,1,3,0.0247
ZW-HYPER-02,65,1,4,0.0158
ZW-HYPER-02,65,1,5,0.0270
ZW-HYPER-02,65,1,6,0.0255
ZW-HYPER-02,65,1,7,0.0355
ZW-HYPER-02,65,1,8,0.0285
ZW-HYPER-02,65,1,9,0.0260
ZW-HYPER-02,65,1,10,0.0256
ZW-HYPER-02,65,1,11,0.0354
ZW-HYPER-02,65,1,12,0.0264
ZW-HYPER-02,65,1,13,0.0365
ZW-HYPER-02,65,1,14,0.0396
ZW-HYPER-02,65,1,15,0.0367
ZW-HYPER-02,65,1,16,0.0375
ZW-HYPER-02,65,1,17,0.0345
ZW-HYPER-02,65,1,18,0.0371
ZW-HYPER-02,65,1,19,0.0474
ZW-HYPER-02,65,1,20,0.0393
ZW-HYPER-02,65,1,21,0.0481
ZW-HYPER-02,65,1,22,0.0385
ZW-HYPER-02,65,1,23,0.0433
ZW-HYPER-02,65,1,24,0.0465
ZW-HYPER-02,65,1,25,0.0502
ZW-HYPER-02,65,1,26,0.0574
ZW-HYPER-02,65,1,27,0.0418
ZW-HYPER-02,65,1,28,0.0517
ZW-HYPER-02,65,1,29,0.0535
ZW-HYPER-02,65,1,30,0.0528
ZW-HYPER-02,65,2,0,0.0191
ZW-HYPER-02,65,2,1,0.0201
ZW-HYPER-02,65,2,2,0.0215
ZW-HYPER-02,65,2,3,0.0117
ZW-HYPER-02,65,2,4,0.0312
ZW-HYPER-02,65,2,5,0.0215
ZW-HYPER-02,65,2,6,0.0309
ZW-HYPER-02,65,2,7,0.0296
ZW-HYPER-02,65,2,8,0.0288
ZW-HYPER-02,65,2,9,0.0249
ZW-HYPER-02,65,2,10,0.0265
ZW-HYPER-02,65,2,11,0.0334
ZW-HYPER-02,65,2,12,0.0238
ZW-HYPER-02,65,2,13,0.0334
ZW-HYPER-02,65,2,14,0.0334
ZW-HYPER-02,65,2,15,0.0287
ZW-HYPER-02,65,2,16,0.0354
ZW-HYPER-02,65,2,17,0.0405
ZW-HYPER-02,65,2,18,0.0444
ZW-HYPER-02,65,2,19,0.0384
ZW-HYPER-02,65,2,20,0.0432
ZW-HYPER-02,65,2,21,0.0383
ZW-HYPER-02,65,2,22,0.0421
ZW-HYPER-02,65,2,23,0.0522
ZW-HYPER-02,65,2,24,0.0344
ZW-HYPER-02,65,2,25,0.0466
ZW-HYPER-02,65,2,26,0.0522
ZW-HYPER-02,65,2,27,0.0513
ZW-HYPER-02,65,2,28,0.0544
ZW-HYPER-02,65,2,29,0.0532
ZW-HYPER-02,65,2,30,0.0557
ZW-HYPER-02,65,3,0,0.0219
ZW-HYPER-02,65,3,1,0.0132
ZW-HYPER-02,65,3,2,0.0226
ZW-HYPER-02,65,3,3,0.0296
ZW-HYPER-02,65,3,4,0.0235
ZW-HYPER-02,65,3,5,0.0243
ZW-HYPER-02,65,3,6,0.0196
ZW-HYPER-02,65,3,7,0.0331
ZW-HYPER-02,65,3,8,0.0326
ZW-HYPER-02,65,3,9,0.0235
ZW-HYPER-02,65,3,10,0.0315
ZW-HYPER-02,65,3,11,0.0316
ZW-HYPER-02,65,3,12,0.0426
ZW-HYPER-02,65,3,13,0.0347
ZW-HYPER-02,65,3,14,0.0311
ZW-HYPER-02,65,3,15,0.0407
ZW-HYPER-02,65,3,16,0.0444
ZW-HYPER-02,65,3,17,0.0317
ZW-HYPER-02,65,3,18,0.0428
ZW-HYPER-02,65,3,19,0.0391
ZW-HYPER-02,65,3,20,0.0340
ZW-HYPER-02,65,3,21,0.0401
ZW-HYPER-02,65,3,22,0.0478
ZW-HYPER-02,65,3,23,0.0484
ZW-HYPER-02,65,3,24,0.0481
ZW-HYPER-02,65,3,25,0.0497
ZW-HYPER-02,65,3,26,0.0517
ZW-HYPER-02,65,3,27,0.0490
ZW-HYPER-02,65,3,28,0.0526
ZW-HYPER-02,65,3,29,0.0593
ZW-HYPER-02,65,3,30,0.0558
ZW-HYPER-02,70,1,0,0.0185
ZW-HYPER-02,70,1,1,0.0196
ZW-HYPER-02,70,1,2,0.0219
ZW-HYPER-02,70,1,3,0.0262
ZW-HYPER-02,70,1,4,0.0285
ZW-HYPER-02,70,1,5,0.0283
ZW-HYPER-02,70,1,6,0.0438
ZW-HYPER-02,70,1,7,0.0303
ZW-HYPER-02,70,1,8,0.0377
ZW-HYPER-02,70,1,9,0.0483
ZW-HYPER-02,70,1,10,0.0550
ZW-HYPER-02,70,1,11,0.0522
ZW-HYPER-02,70,1,12,0.0563
ZW-HYPER-02,70,1,13,0.0655
ZW-HYPER-02,70,1,14,0.0652
ZW-HYPER-02,70,1,15,0.0762
ZW-HYPER-02,70,1,16,0.0747
ZW-HYPER-02,70,1,17,0.0901
ZW-HYPER-02,70,1,18,0.0916
ZW-HYPER-02,70,1,19,0.0989
ZW-HYPER-02,70,1,20,0.1011
ZW-HYPER-02,70,1,21,0.1088
ZW-HYPER-02,70,1,22,0.1092
ZW-HYPER-02,70,1,23,0.1293
ZW-HYPER-02,70,1,24,0.1253
ZW-HYPER-02,70,1,25,0.1393
ZW-HYPER-02,70,1,26,0.1433
ZW-HYPER-02,70,1,27,0.1533
ZW-HYPER-02,70,1,28,0.1443
ZW-HYPER-02,70,1,29,0.1738
ZW-HYPER-02,70,1,30,0.1568
ZW-HYPER-02,70,2,0,0.0124
ZW-HYPER-02,70,2,1,0.0185
ZW-HYPER-02,70,2,2,0.0200
ZW-HYPER-02,70,2,3,0.0248
ZW-HYPER-02,70,2,4,0.0327
ZW-HYPER-02,70,2,5,0.0313
ZW-HYPER-02,70,2,6,0.0460
ZW-HYPER-02,70,2,7,0.0357
ZW-HYPER-02,70,2,8,0.0405
ZW-HYPER-02,70,2,9,0.0489
ZW-HYPER-02,70,2,10,0.0484
ZW-HYPER-02,70,2,11,0.0601
ZW-HYPER-02,70,2,12,0.0609
ZW-HYPER-02,70,2,13,0.0614
ZW-HYPER-02,70,2,14,0.0737
ZW-HYPER-02,70,2,15,0.0698
ZW-HYPER-02,70,2,16,0.0825
ZW-HYPER-02,70,2,17,0.0722
ZW-HYPER-02,70,2,18,0.0859
ZW-HYPER-02,70,2,19,0.0952
ZW-HYPER-02,70,2,20,0.1085
ZW-HYPER-02,70,2,21,0.0981
ZW-HYPER-02,70,2,22,0.1230
ZW-HYPER-02,70,2,23,0.1316
ZW-HYPER-02,70,2,24,0.1413
ZW-HYPER-02,70,2,25,0.1456
ZW-HYPER-02,70,2,26,0.1484
ZW-HYPER-02,70,2,27,0.1532
ZW-HYPER-02,70,2,28,0.1587
ZW-HYPER-02,70,2,29,0.1637
ZW-HYPER-02,70,2,30,0.1616
ZW-HYPER-02,70,3,0,0.0249
ZW-HYPER-02,70,3,1,0.0170
ZW-HYPER-02,70,3,2,0.0239
ZW-HYPER-02,70,3,3,0.0271
ZW-HYPER-02,70,3,4,0.0330
ZW-HYPER-02,70,3,5,0.0384
ZW-HYPER-02,70,3,6,0.0338
ZW-HYPER-02,70,3,7,0.0338
ZW-HYPER-02,70,3,8,0.0480
ZW-HYPER-02,70,3,9,0.0482
ZW-HYPER-02,70,3,10,0.0438
ZW-HYPER-02,70,3,11,0.0506
ZW-HYPER-02,70,3,12,0.0592
ZW-HYPER-02,70,3,13,0.0609
ZW-HYPER-02,70,3,14,0.0743
ZW-HYPER-02,70,3,15,0.0690
ZW-HYPER-02,70,3,16,0.0761
ZW-HYPER-02,70,3,17,0.0929
ZW-HYPER-02,70,3,18,0.0883
ZW-HYPER-02,70,3,19,0.1009
ZW-HYPER-02,70,3,20,0.1038
ZW-HYPER-02,70,3,21,0.1063
ZW-HYPER-02,70,3,22,0.1157
ZW-HYPER-02,70,3,23,0.1183
ZW-HYPER-02,70,3,24,0.1261
ZW-HYPER-02,70,3,25,0.1381
ZW-HYPER-02,70,3,26,0.1340
ZW-HYPER-02,70,3,27,0.1538
ZW-HYPER-02,70,3,28,0.1507
ZW-HYPER-02,70,3,29,0.1572
ZW-HYPER-02,70,3,30,0.1560
ZW-HYPER-02,75,1,0,0.0215
ZW-HYPER-02,75,1,1,0.0233
ZW-HYPER-02,75,1,2,0.0250
ZW-HYPER-02,75,1,3,0.0301
ZW-HYPER-02,75,1,4,0.0373
ZW-HYPER-02,75,1,5,0.0514
ZW-HYPER-02,75,1,6,0.0549
ZW-HYPER-02,75,1,7,0.0656
ZW-HYPER-02,75,1,8,0.0703
ZW-HYPER-02,75,1,9,0.0944
ZW-HYPER-02,75,1,10,0.1015
ZW-HYPER-02,75,1,11,0.1216
ZW-HYPER-02,75,1,12,0.1338
ZW-HYPER-02,75,1,13,0.1387
ZW-HYPER-02,75,1,14,0.1672
ZW-HYPER-02,75,1,15,0.1778
ZW-HYPER-02,75,1,16,0.1929
ZW-HYPER-02,75,1,17,0.2076
ZW-HYPER-02,75,1,18,0.2412
ZW-HYPER-02,75,1,19,0.2695
ZW-HYPER-02,75,1,20,0.2818
ZW-HYPER-02,75,1,21,0.2894
ZW-HYPER-02,75,1,22,0.3136
ZW-HYPER-02,75,1,23,0.3255
ZW-HYPER-02,75,1,24,0.3200
ZW-HYPER-02,75,1,25,0.3410
ZW-HYPER-02,75,1,26,0.3537
ZW-HYPER-02,75,1,27,0.3312
ZW-HYPER-02,75,1,28,0.3535
ZW-HYPER-02,75,1,29,0.3464
ZW-HYPER-02,75,1,30,0.3561
ZW-HYPER-02,75,2,0,0.0249
ZW-HYPER-02,75,2,1,0.0206
ZW-HYPER-02,75,2,2,0.0296
ZW-HYPER-02,75,2,3,0.0335
ZW-HYPER-02,75,2,4,0.0490
ZW-HYPER-02,75,2,5,0.0453
ZW-HYPER-02,75,2,6,0.0609
ZW-HYPER-02,75,2,7,0.0581
ZW-HYPER-02,75,2,8,0.0728
ZW-HYPER-02,75,2,9,0.0903
ZW-HYPER-02,75,2,10,0.1005
ZW-HYPER-02,75,2,11,0.1201
ZW-HYPER-02,75,2,12,0.1290
ZW-HYPER-02,75,2,13,0.1512
ZW-HYPER-02,75,2,14,0.1695
ZW-HYPER-02,75,2,15,0.1700
ZW-HYPER-02,75,2,16,0.2129
ZW-HYPER-02,75,2,17,0.2131
ZW-HYPER-02,75,2,18,0.2410
ZW-HYPER-02,75,2,19,0.2373
ZW-HYPER-02,75,2,20,0.2891
ZW-HYPER-02,75,2,21,0.2781
ZW-HYPER-02,75,2,22,0.3231
ZW-HYPER-02,75,2,23,0.2812
ZW-HYPER-02,75,2,24,0.3356
ZW-HYPER-02,75,2,25,0.3104
ZW-HYPER-02,75,2,26,0.3444
ZW-HYPER-02,75,2,27,0.3466
ZW-HYPER-02,75,2,28,0.3726
ZW-HYPER-02,75,2,29,0.3570
ZW-HYPER-02,75,2,30,0.3495
ZW-HYPER-02,75,3,0,0.0192
ZW-HYPER-02,75,3,1,0.0170
ZW-HYPER-02,75,3,2,0.0304
ZW-HYPER-02,75,3,3,0.0407
ZW-HYPER-02,75,3,4,0.0402
ZW-HYPER-02,75,3,5,0.0511
ZW-HYPER-02,75,3,6,0.0613
ZW-HYPER-02,75,3,7,0.0650
ZW-HYPER-02,75,3,8,0.0795
ZW-HYPER-02,75,3,9,0.0831
ZW-HYPER-02,75,3,10,0.0978
ZW-HYPER-02,75,3,11,0.1215
ZW-HYPER-02,75,3,12,0.1352
ZW-HYPER-02,75,3,13,0.1423
ZW-HYPER-02,75,3,14,0.1700
ZW-HYPER-02,75,3,15,0.1906
ZW-HYPER-02,75,3,16,0.1964
ZW-HYPER-02,75,3,17,0.2109
ZW-HYPER-02,75,3,18,0.2211
ZW-HYPER-02,75,3,19,0.2261
ZW-HYPER-02,75,3,20,0.2516
ZW-HYPER-02,75,3,21,0.2593
ZW-HYPER-02,75,3,22,0.3234
ZW-HYPER-02,75,3,23,0.3148
ZW-HYPER-02,75,3,24,0.3313
ZW-HYPER-02,75,3,25,0.3065
ZW-HYPER-02,75,3,26,0.3372
ZW-HYPER-02,75,3,27,0.3365
ZW-HYPER-02,75,3,28,0.3461
ZW-HYPER-02,75,3,29,0.3540
ZW-HYPER-02,75,3,30,0.3905
ZW-HYPER-02,78,1,0,0.0202
ZW-HYPER-02,78,1,1,0.0236
ZW-HYPER-02,78,1,2,0.0284
ZW-HYPER-02,78,1,3,0.0347
ZW-HYPER-02,78,1,4,0.0563
ZW-HYPER-02,78,1,5,0.0596
ZW-HYPER-02,78,1,6,0.0755
ZW-HYPER-02,78,1,7,0.0855
ZW-HYPER-02,78,1,8,0.1286
ZW-HYPER-02,78,1,9,0.1355
ZW-HYPER-02,78,1,10,0.1578
ZW-HYPER-02,78,1,11,0.2044
ZW-HYPER-02,78,1,12,0.2023
ZW-HYPER-02,78,1,13,0.2500
ZW-HYPER-02,78,1,14,0.2826
ZW-HYPER-02,78,1,15,0.3150
ZW-HYPER-02,78,1,16,0.3259
ZW-HYPER-02,78,1,17,0.3609
ZW-HYPER-02,78,1,18,0.3838
ZW-HYPER-02,78,1,19,0.4198
ZW-HYPER-02,78,1,20,0.4288
ZW-HYPER-02,78,1,21,0.4161
ZW-HYPER-02,78,1,22,0.4834
ZW-HYPER-02,78,1,23,0.4583
ZW-HYPER-02,78,1,24,0.5055
ZW-HYPER-02,78,1,25,0.5262
ZW-HYPER-02,78,1,26,0.4704
ZW-HYPER-02,78,1,27,0.4491
ZW-HYPER-02,78,1,28,0.4695
ZW-HYPER-02,78,1,29,0.4969
ZW-HYPER-02,78,1,30,0.5390
ZW-HYPER-02,78,2,0,0.0229
ZW-HYPER-02,78,2,1,0.0337
ZW-HYPER-02,78,2,2,0.0338
ZW-HYPER-02,78,2,3,0.0404
ZW-HYPER-02,78,2,4,0.0587
ZW-HYPER-02,78,2,5,0.0543
ZW-HYPER-02,78,2,6,0.0762
ZW-HYPER-02,78,2,7,0.0969
ZW-HYPER-02,78,2,8,0.1101
ZW-HYPER-02,78,2,9,0.1266
ZW-HYPER-02,78,2,10,0.1478
ZW-HYPER-02,78,2,11,0.1929
ZW-HYPER-02,78,2,12,0.2165
ZW-HYPER-02,78,2,13,0.2636
ZW-HYPER-02,78,2,14,0.2829
ZW-HYPER-02,78,2,15,0.3057
ZW-HYPER-02,78,2,16,0.3322
ZW-HYPER-02,78,2,17,0.3616
ZW-HYPER-02,78,2,18,0.4103
ZW-HYPER-02,78,2,19,0.3864
ZW-HYPER-02,78,2,20,0.4590
ZW-HYPER-02,78,2,21,0.4516
ZW-HYPER-02,78,2,22,0.5047
ZW-HYPER-02,78,2,23,0.4231
ZW-HYPER-02,78,2,24,0.4685
ZW-HYPER-02,78,2,25,0.4879
ZW-HYPER-02,78,2,26,0.4765
ZW-HYPER-02,78,2,27,0.4976
ZW-HYPER-02,78,2,28,0.4730
ZW-HYPER-02,78,2,29,0.4964
ZW-HYPER-02,78,2,30,0.4996
ZW-HYPER-02,78,3,0,0.0173
ZW-HYPER-02,78,3,1,0.0305
ZW-HYPER-02,78,3,2,0.0283
ZW-HYPER-02,78,3,3,0.0275
ZW-HYPER-02,78,3,4,0.0536
ZW-HYPER-02,78,3,5,0.0598
ZW-HYPER-02,78,3,6,0.0726
ZW-HYPER-02,78,3,7,0.0848
ZW-HYPER-02,78,3,8,0.1090
ZW-HYPER-02,78,3,9,0.1377
ZW-HYPER-02,78,3,10,0.1714
ZW-HYPER-02,78,3,11,0.1668
ZW-HYPER-02,78,3,12,0.2262
ZW-HYPER-02,78,3,13,0.2481
ZW-HYPER-02,78,3,14,0.2739
ZW-HYPER-02,78,3,15,0.2907
ZW-HYPER-02,78,3,16,0.3619
ZW-HYPER-02,78,3,17,0.3854
ZW-HYPER-02,78,3,18,0.3839
ZW-HYPER-02,78,3,19,0.3965
ZW-HYPER-02,78,3,20,0.4233
ZW-HYPER-02,78,3,21,0.4598
ZW-HYPER-02,78,3,22,0.4520
ZW-HYPER-02,78,3,23,0.4687
ZW-HYPER-02,78,3,24,0.4469
ZW-HYPER-02,78,3,25,0.5048
ZW-HYPER-02,78,3,26,0.4996
ZW-HYPER-02,78,3,27,0.5076
ZW-HYPER-02,78,3,28,0.4542
ZW-HYPER-02,78,3,29,0.5021
ZW-HYPER-02,78,3,30,0.4760
ZW-HYPER-02,81,1,0,0.0178
ZW-HYPER-02,81,1,1,0.0212
ZW-HYPER-02,81,1,2,0.0409
ZW-HYPER-02,81,1,3,0.0548
ZW-HYPER-02,81,1,4,0.0571
ZW-HYPER-02,81,1,5,0.0860
ZW-HYPER-02,81,1,6,0.1095
ZW-HYPER-02,81,1,7,0.1404
ZW-HYPER-02,81,1,8,0.1693
ZW-HYPER-02,81,1,9,0.2293
ZW-HYPER-02,81,1,10,0.2613
ZW-HYPER-02,81,1,11,0.2984
ZW-HYPER-02,81,1,12,0.3503
ZW-HYPER-02,81,1,13,0.3691
ZW-HYPER-02,81,1,14,0.4645
ZW-HYPER-02,81,1,15,0.4620
ZW-HYPER-02,81,1,16,0.4949
ZW-HYPER-02,81,1,17,0.5495
ZW-HYPER-02,81,1,18,0.5738
ZW-HYPER-02,81,1,19,0.5697
ZW-HYPER-02,81,1,20,0.5927
ZW-HYPER-02,81,1,21,0.5756
ZW-HYPER-02,81,1,22,0.6236
ZW-HYPER-02,81,1,23,0.5762
ZW-HYPER-02,81,1,24,0.5751
ZW-HYPER-02,81,1,25,0.5931
ZW-HYPER-02,81,1,26,0.6570
ZW-HYPER-02,81,1,27,0.6240
ZW-HYPER-02,81,1,28,0.6270
ZW-HYPER-02,81,1,29,0.6454
ZW-HYPER-02,81,1,30,0.6159
ZW-HYPER-02,81,2,0,0.0190
ZW-HYPER-02,81,2,1,0.0192
ZW-HYPER-02,81,2,2,0.0416
ZW-HYPER-02,81,2,3,0.0467
ZW-HYPER-02,81,2,4,0.0635
ZW-HYPER-02,81,2,5,0.0775
ZW-HYPER-02,81,2,6,0.1008
ZW-HYPER-02,81,2,7,0.1388
ZW-HYPER-02,81,2,8,0.1720
ZW-HYPER-02,81,2,9,0.2068
ZW-HYPER-02,81,2,10,0.2699
ZW-HYPER-02,81,2,11,0.3296
ZW-HYPER-02,81,2,12,0.3532
ZW-HYPER-02,81,2,13,0.4242
ZW-HYPER-02,81,2,14,0.4427
ZW-HYPER-02,81,2,15,0.4558
ZW-HYPER-02,81,2,16,0.5239
ZW-HYPER-02,81,2,17,0.5840
ZW-HYPER-02,81,2,18,0.5459
ZW-HYPER-02,81,2,19,0.5907
ZW-HYPER-02,81,2,20,0.5404
ZW-HYPER-02,81,2,21,0.5582
ZW-HYPER-02,81,2,22,0.5648
ZW-HYPER-02,81,2,23,0.6028
ZW-HYPER-02,81,2,24,0.5651
ZW-HYPER-02,81,2,25,0.6511
ZW-HYPER-02,81,2,26,0.6075
ZW-HYPER-02,81,2,27,0.5491
ZW-HYPER-02,81,2,28,0.6729
ZW-HYPER-02,81,2,29,0.5868
ZW-HYPER-02,81,2,30,0.5830
ZW-HYPER-02,81,3,0,0.0240
ZW-HYPER-02,81,3,1,0.0284
ZW-HYPER-02,81,3,2,0.0269
ZW-HYPER-02,81,3,3,0.0518
ZW-HYPER-02,81,3,4,0.0667
ZW-HYPER-02,81,3,5,0.0802
ZW-HYPER-02,81,3,6,0.1095
ZW-HYPER-02,81,3,7,0.1474
ZW-HYPER-02,81,3,8,0.1803
ZW-HYPER-02,81,3,9,0.2403
ZW-HYPER-02,81,3,10,0.2573
ZW-HYPER-02,81,3,11,0.3171
ZW-HYPER-02,81,3,12,0.3600
ZW-HYPER-02,81,3,13,0.4161
ZW-HYPER-02,81,3,14,0.4489
ZW-HYPER-02,81,3,15,0.4823
ZW-HYPER-02,81,3,16,0.4819
ZW-HYPER-02,81,3,17,0.5165
ZW-HYPER-02,81,3,18,0.5713
ZW-HYPER-02,81,3,19,0.5808
ZW-HYPER-02,81,3,20,0.6725
ZW-HYPER-02,81,3,21,0.6000
ZW-HYPER-02,81,3,22,0.5873
ZW-HYPER-02,81,3,23,0.6173
ZW-HYPER-02,81,3,24,0.5759
ZW-HYPER-02,81,3,25,0.5722
ZW-HYPER-02,81,3,26,0.6610
ZW-HYPER-02,81,3,27,0.6399
ZW-HYPER-02,81,3,28,0.5788
ZW-HYPER-02,81,3,29,0.5904
ZW-HYPER-02,81,3,30,0.6306
ZW-HYPER-02,84,1,0,0.0143
ZW-HYPER-02,84,1,1,0.0286
ZW-HYPER-02,84,1,2,0.0434
ZW-HYPER-02,84,1,3,0.0615
ZW-HYPER-02,84,1,4,0.0870
ZW-HYPER-02,84,1,5,0.1218
ZW-HYPER-02,84,1,6,0.1453
ZW-HYPER-02,84,1,7,0.2152
ZW-HYPER-02,84,1,8,0.2605
ZW-HYPER-02,84,1,9,0.3979
ZW-HYPER-02,84,1,10,0.4544
ZW-HYPER-02,84,1,11,0.4676
ZW-HYPER-02,84,1,12,0.5296
ZW-HYPER-02,84,1,13,0.6522
ZW-HYPER-02,84,1,14,0.6556
ZW-HYPER-02,84,1,15,0.6400
ZW-HYPER-02,84,1,16,0.6672
ZW-HYPER-02,84,1,17,0.7749
ZW-HYPER-02,84,1,18,0.7562
ZW-HYPER-02,84,1,19,0.7612
ZW-HYPER-02,84,1,20,0.7117
ZW-HYPER-02,84,1,21,0.7821
ZW-HYPER-02,84,1,22,0.7318
ZW-HYPER-02,84,1,23,0.7369
ZW-HYPER-02,84,1,24,0.6836
ZW-HYPER-02,84,1,25,0.7698
ZW-HYPER-02,84,1,26,0.7916
ZW-HYPER-02,84,1,27,0.7538
ZW-HYPER-02,84,1,28,0.7223
ZW-HYPER-02,84,1,29,0.7020
ZW-HYPER-02,84,1,30,0.7479
ZW-HYPER-02,84,2,0,0.0266
ZW-HYPER-02,84,2,1,0.0283
ZW-HYPER-02,84,2,2,0.0392
ZW-HYPER-02,84,2,3,0.0611
ZW-HYPER-02,84,2,4,0.0850
ZW-HYPER-02,84,2,5,0.1162
ZW-HYPER-02,84,2,6,0.1648
ZW-HYPER-02,84,2,7,0.2267
ZW-HYPER-02,84,2,8,0.2808
ZW-HYPER-02,84,2,9,0.3370
ZW-HYPER-02,84,2,10,0.4069
ZW-HYPER-02,84,2,11,0.4723
ZW-HYPER-02,84,2,12,0.5498
ZW-HYPER-02,84,2,13,0.5859
ZW-HYPER-02,84,2,14,0.6293
ZW-HYPER-02,84,2,15,0.6819
ZW-HYPER-02,84,2,16,0.6770
ZW-HYPER-02,84,2,17,0.7009
ZW-HYPER-02,84,2,18,0.6973
ZW-HYPER-02,84,2,19,0.7650
ZW-HYPER-02,84,2,20,0.7643
ZW-HYPER-02,84,2,21,0.6635
ZW-HYPER-02,84,2,22,0.7381
ZW-HYPER-02,84,2,23,0.7092
ZW-HYPER-02,84,2,24,0.7457
ZW-HYPER-02,84,2,25,0.7341
ZW-HYPER-02,84,2,26,0.7273
ZW-HYPER-02,84,2,27,0.8446
ZW-HYPER-02,84,2,28,0.7814
ZW-HYPER-02,84,2,29,0.7599
ZW-HYPER-02,84,2,30,0.7112
ZW-HYPER-02,84,3,0,0.0229
ZW-HYPER-02,84,3,1,0.0279
ZW-HYPER-02,84,3,2,0.0435
ZW-HYPER-02,84,3,3,0.0620
ZW-HYPER-02,84,3,4,0.0799
ZW-HYPER-02,84,3,5,0.1117
ZW-HYPER-02,84,3,6,0.1708
ZW-HYPER-02,84,3,7,0.2319
ZW-HYPER-02,84,3,8,0.2506
ZW-HYPER-02,84,3,9,0.3460
ZW-HYPER-02,84,3,10,0.4560
ZW-HYPER-02,84,3,11,0.4736
ZW-HYPER-02,84,3,12,0.5404
ZW-HYPER-02,84,3,13,0.6289
ZW-HYPER-02,84,3,14,0.5936
ZW-HYPER-02,84,3,15,0.6564
ZW-HYPER-02,84,3,16,0.7466
ZW-HYPER-02,84,3,17,0.6450
ZW-HYPER-02,84,3,18,0.7805
ZW-HYPER-02,84,3,19,0.7139
ZW-HYPER-02,84,3,20,0.7104
ZW-HYPER-02,84,3,21,0.6997
ZW-HYPER-02,84,3,22,0.7542
ZW-HYPER-02,84,3,23,0.7708
ZW-HYPER-02,84,3,24,0.6987
ZW-HYPER-02,84,3,25,0.8031
ZW-HYPER-02,84,3,26,0.8112
ZW-HYPER-02,84,3,27,0.8123
ZW-HYPER-02,84,3,28,0.7114
ZW-HYPER-02,84,3,29,0.7775
ZW-HYPER-02,84,3,30,0.7522
ZW-HYPER-02,87,1,0,0.0140
ZW-HYPER-02,87,1,1,0.0282
ZW-HYPER-02,87,1,2,0.0470
ZW-HYPER-02,87,1,3,0.0706
ZW-HYPER-02,87,1,4,0.1046
ZW-HYPER-02,87,1,5,0.1602
ZW-HYPER-02,87,1,6,0.2280
ZW-HYPER-02,87,1,7,0.3300
ZW-HYPER-02,87,1,8,0.4257
ZW-HYPER-02,87,1,9,0.4653
ZW-HYPER-02,87,1,10,0.6035
ZW-HYPER-02,87,1,11,0.6613
ZW-HYPER-02,87,1,12,0.7359
ZW-HYPER-02,87,1,13,0.8620
ZW-HYPER-02,87,1,14,0.8547
ZW-HYPER-02,87,1,15,0.8664
ZW-HYPER-02,87,1,16,0.8577
ZW-HYPER-02,87,1,17,0.8277
ZW-HYPER-02,87,1,18,0.8584
ZW-HYPER-02,87,1,19,0.8792
ZW-HYPER-02,87,1,20,0.8379
ZW-HYPER-02,87,1,21,0.9166
ZW-HYPER-02,87,1,22,0.8180
ZW-HYPER-02,87,1,23,0.8928
ZW-HYPER-02,87,1,24,0.9198
ZW-HYPER-02,87,1,25,0.9321
ZW-HYPER-02,87,1,26,0.8018
ZW-HYPER-02,87,1,27,0.8549
ZW-HYPER-02,87,1,28,0.9058
ZW-HYPER-02,87,1,29,0.8666
ZW-HYPER-02,87,1,30,0.8951
ZW-HYPER-02,87,2,0,0.0086
ZW-HYPER-02,87,2,1,0.0265
ZW-HYPER-02,87,2,2,0.0535
ZW-HYPER-02,87,2,3,0.0733
ZW-HYPER-02,87,2,4,0.1069
ZW-HYPER-02,87,2,5,0.1500
ZW-HYPER-02,87,2,6,0.2435
ZW-HYPER-02,87,2,7,0.3191
ZW-HYPER-02,87,2,8,0.4050
ZW-HYPER-02,87,2,9,0.5122
ZW-HYPER-02,87,2,10,0.6336
ZW-HYPER-02,87,2,11,0.6746
ZW-HYPER-02,87,2,12,0.7364
ZW-HYPER-02,87,2,13,0.7943
ZW-HYPER-02,87,2,14,0.7676
ZW-HYPER-02,87,2,15,0.8124
ZW-HYPER-02,87,2,16,0.7889
ZW-HYPER-02,87,2,17,0.8492
ZW-HYPER-02,87,2,18,0.9018
ZW-HYPER-02,87,2,19,0.9811
ZW-HYPER-02,87,2,20,0.8729
ZW-HYPER-02,87,2,21,0.9103
ZW-HYPER-02,87,2,22,0.8049
ZW-HYPER-02,87,2,23,0.8714
ZW-HYPER-02,87,2,24,0.8535
ZW-HYPER-02,87,2,25,0.8807
ZW-HYPER-02,87,2,26,0.8982
ZW-HYPER-02,87,2,27,0.8332
ZW-HYPER-02,87,2,28,0.9290
ZW-HYPER-02,87,2,29,0.9294
ZW-HYPER-02,87,2,30,0.8699
ZW-HYPER-02,87,3,0,0.0136
ZW-HYPER-02,87,3,1,0.0231
ZW-HYPER-02,87,3,2,0.0501
ZW-HYPER-02,87,3,3,0.0752
ZW-HYPER-02,87,3,4,0.1129
ZW-HYPER-02,87,3,5,0.1618
ZW-HYPER-02,87,3,6,0.2205
ZW-HYPER-02,87,3,7,0.3097
ZW-HYPER-02,87,3,8,0.3744
ZW-HYPER-02,87,3,9,0.4724
ZW-HYPER-02,87,3,10,0.5875
ZW-HYPER-02,87,3,11,0.6999
ZW-HYPER-02,87,3,12,0.7177
ZW-HYPER-02,87,3,13,0.7217
ZW-HYPER-02,87,3,14,0.8977
ZW-HYPER-02,87,3,15,0.8584
ZW-HYPER-02,87,3,16,0.9038
ZW-HYPER-02,87,3,17,0.9169
ZW-HYPER-02,87,3,18,0.8433
ZW-HYPER-02,87,3,19,0.9237
ZW-HYPER-02,87,3,20,0.9437
ZW-HYPER-02,87,3,21,0.8530
ZW-HYPER-02,87,3,22,0.8973
ZW-HYPER-02,87,3,23,0.8728
ZW-HYPER-02,87,3,24,0.8957
ZW-HYPER-02,87,3,25,0.8752
ZW-HYPER-02,87,3,26,0.8008
ZW-HYPER-02,87,3,27,0.8310
ZW-HYPER-02,87,3,28,0.9415
ZW-HYPER-02,87,3,29,0.9112
ZW-HYPER-02,87,3,30,0.8733
ZW-HYPER-02,90,1,0,0.0167
ZW-HYPER-02,90,1,1,0.0385
ZW-HYPER-02,90,1,2,0.0480
ZW-HYPER-02,90,1,3,0.0827
ZW-HYPER-02,90,1,4,0.1147
ZW-HYPER-02,90,1,5,0.1863
ZW-HYPER-02,90,1,6,0.2727
ZW-HYPER-02,90,1,7,0.3812
ZW-HYPER-02,90,1,8,0.5108
ZW-HYPER-02,90,1,9,0.5923
ZW-HYPER-02,90,1,10,0.6529
ZW-HYPER-02,90,1,11,0.7161
ZW-HYPER-02,90,1,12,0.7656
ZW-HYPER-02,90,1,13,0.8376
ZW-HYPER-02,90,1,14,0.8951
ZW-HYPER-02,90,1,15,0.8951
ZW-HYPER-02,90,1,16,0.9811
ZW-HYPER-02,90,1,17,0.9459
ZW-HYPER-02,90,1,18,0.9705
ZW-HYPER-02,90,1,19,0.9089
ZW-HYPER-02,90,1,20,0.9876
ZW-HYPER-02,90,1,21,1.0401
ZW-HYPER-02,90,1,22,1.0328
ZW-HYPER-02,90,1,23,0.9459
ZW-HYPER-02,90,1,24,1.0400
ZW-HYPER-02,90,1,25,0.9143
ZW-HYPER-02,90,1,26,0.9526
ZW-HYPER-02,90,1,27,0.9960
ZW-HYPER-02,90,1,28,1.0356
ZW-HYPER-02,90,1,29,0.9713
ZW-HYPER-02,90,1,30,1.0586
ZW-HYPER-02,90,2,0,0.0192
ZW-HYPER-02,90,2,1,0.0303
ZW-HYPER-02,90,2,2,0.0529
ZW-HYPER-02,90,2,3,0.0890
ZW-HYPER-02,90,2,4,0.1320
ZW-HYPER-02,90,2,5,0.1932
ZW-HYPER-02,90,2,6,0.2488
ZW-HYPER-02,90,2,7,0.3509
ZW-HYPER-02,90,2,8,0.4681
ZW-HYPER-02,90,2,9,0.5681
ZW-HYPER-02,90,2,10,0.7506
ZW-HYPER-02,90,2,11,0.7846
ZW-HYPER-02,90,2,12,0.8890
ZW-HYPER-02,90,2,13,0.8805
ZW-HYPER-02,90,2,14,0.9022
ZW-HYPER-02,90,2,15,0.8428
ZW-HYPER-02,90,2,16,0.8628
ZW-HYPER-02,90,2,17,1.0147
ZW-HYPER-02,90,2,18,0.9913
ZW-HYPER-02,90,2,19,0.8965
ZW-HYPER-02,90,2,20,0.9089
ZW-HYPER-02,90,2,21,0.9195
ZW-HYPER-02,90,2,22,0.8976
ZW-HYPER-02,90,2,23,1.0177
ZW-HYPER-02,90,2,24,1.0100
ZW-HYPER-02,90,2,25,0.8983
ZW-HYPER-02,90,2,26,0.9627
ZW-HYPER-02,90,2,27,0.9755
ZW-HYPER-02,90,2,28,0.8657
ZW-HYPER-02,90,2,29,0.8797
ZW-HYPER-02,90,2,30,0.8990
ZW-HYPER-02,90,3,0,0.0092
ZW-HYPER-02,90,3,1,0.0292
ZW-HYPER-02,90,3,2,0.0571
ZW-HYPER-02,90,3,3,0.0778
ZW-HYPER-02,90,3,4,0.1310
ZW-HYPER-02,90,3,5,0.1805
ZW-HYPER-02,90,3,6,0.2645
ZW-HYPER-02,90,3,7,0.3768
ZW-HYPER-02,90,3,8,0.4652
ZW-HYPER-02,90,3,9,0.5907
ZW-HYPER-02,90,3,10,0.6548
ZW-HYPER-02,90,3,11,0.8510
ZW-HYPER-02,90,3,12,0.8479
ZW-HYPER-02,90,3,13,0.8931
ZW-HYPER-02,90,3,14,1.0078
ZW-HYPER-02,90,3,15,0.8767
ZW-HYPER-02,90,3,16,0.9813
ZW-HYPER-02,90,3,17,0.9550
ZW-HYPER-02,90,3,18,0.9023
ZW-HYPER-02,90,3,19,1.0111
ZW-HYPER-02,90,3,20,0.9588
ZW-HYPER-02,90,3,21,0.9482
ZW-HYPER-02,90,3,22,0.9889
ZW-HYPER-02,90,3,23,0.9724
ZW-HYPER-02,90,3,24,0.8806
ZW-HYPER-02,90,3,25,0.9785
ZW-HYPER-02,90,3,26,0.9471
ZW-HYPER-02,90,3,27,0.9548
ZW-HYPER-02,90,3,28,0.9467
ZW-HYPER-02,90,3,29,0.9050
ZW-HYPER-02,90,3,30,0.8812
ZW-HYPER-02,93,1,0,0.0166
ZW-HYPER-02,93,1,1,0.0295
ZW-HYPER-02,93,1,2,0.0456
ZW-HYPER-02,93,1,3,0.0541
ZW-HYPER-02,93,1,4,0.0912
ZW-HYPER-02,93,1,5,0.1252
ZW-HYPER-02,93,1,6,0.1805
ZW-HYPER-02,93,1,7,0.2439
ZW-HYPER-02,93,1,8,0.2984
ZW-HYPER-02,93,1,9,0.3655
ZW-HYPER-02,93,1,10,0.4811
ZW-HYPER-02,93,1,11,0.5939
ZW-HYPER-02,93,1,12,0.5691
ZW-HYPER-02,93,1,13,0.6974
ZW-HYPER-02,93,1,14,0.6907
ZW-HYPER-02,93,1,15,0.7378
ZW-HYPER-02,93,1,16,0.7967
ZW-HYPER-02,93,1,17,0.8191
ZW-HYPER-02,93,1,18,0.8284
ZW-HYPER-02,93,1,19,0.7530
ZW-HYPER-02,93,1,20,0.7506
ZW-HYPER-02,93,1,21,0.8136
ZW-HYPER-02,93,1,22,0.8039
ZW-HYPER-02,93,1,23,0.7480
ZW-HYPER-02,93,1,24,0.8296
ZW-HYPER-02,93,1,25,0.8059
ZW-HYPER-02,93,1,26,0.7753
ZW-HYPER-02,93,1,27,0.7833
ZW-HYPER-02,93,1,28,0.7578
ZW-HYPER-02,93,1,29,0.7762
ZW-HYPER-02,93,1,30,0.7987
ZW-HYPER-02,93,2,0,0.0232
ZW-HYPER-02,93,2,1,0.0246
ZW-HYPER-02,93,2,2,0.0460
ZW-HYPER-02,93,2,3,0.0621
ZW-HYPER-02,93,2,4,0.0846
ZW-HYPER-02,93,2,5,0.1364
ZW-HYPER-02,93,2,6,0.1722
ZW-HYPER-02,93,2,7,0.2534
ZW-HYPER-02,93,2,8,0.3448
ZW-HYPER-02,93,2,9,0.4235
ZW-HYPER-02,93,2,10,0.5004
ZW-HYPER-02,93,2,11,0.5423
ZW-HYPER-02,93,2,12,0.6256
ZW-HYPER-02,93,2,13,0.7423
ZW-HYPER-02,93,2,14,0.7113
ZW-HYPER-02,93,2,15,0.7976
ZW-HYPER-02,93,2,16,0.6411
ZW-HYPER-02,93,2,17,0.7896
ZW-HYPER-02,93,2,18,0.8047
ZW-HYPER-02,93,2,19,0.7229
ZW-HYPER-02,93,2,20,0.8270
ZW-HYPER-02,93,2,21,0.7972
ZW-HYPER-02,93,2,22,0.7767
ZW-HYPER-02,93,2,23,0.7869
ZW-HYPER-02,93,2,24,0.7708
ZW-HYPER-02,93,2,25,0.8195
ZW-HYPER-02,93,2,26,0.7545
ZW-HYPER-02,93,2,27,0.8320
ZW-HYPER-02,93,2,28,0.7765
ZW-HYPER-02,93,2,29,0.7212
ZW-HYPER-02,93,2,30,0.7793
ZW-HYPER-02,93,3,0,0.0174
ZW-HYPER-02,93,3,1,0.0271
ZW-HYPER-02,93,3,2,0.0484
ZW-HYPER-02,93,3,3,0.0629
ZW-HYPER-02,93,3,4,0.1029
ZW-HYPER-02,93,3,5,0.1304
ZW-HYPER-02,93,3,6,0.1934
ZW-HYPER-02,93,3,7,0.2493
ZW-HYPER-02,93,3,8,0.3323
ZW-HYPER-02,93,3,9,0.3762
ZW-HYPER-02,93,3,10,0.4432
ZW-HYPER-02,93,3,11,0.5144
ZW-HYPER-02,93,3,12,0.6407
ZW-HYPER-02,93,3,13,0.6901
ZW-HYPER-02,93,3,14,0.7038
ZW-HYPER-02,93,3,15,0.8044
ZW-HYPER-02,93,3,16,0.7539
ZW-HYPER-02,93,3,17,0.7655
ZW-HYPER-02,93,3,18,0.7936
ZW-HYPER-02,93,3,19,0.8111
ZW-HYPER-02,93,3,20,0.8242
ZW-HYPER-02,93,3,21,0.7461
ZW-HYPER-02,93,3,22,0.7980
ZW-HYPER-02,93,3,23,0.7771
ZW-HYPER-02,93,3,24,0.7978
ZW-HYPER-02,93,3,25,0.7824
ZW-HYPER-02,93,3,26,0.7984
ZW-HYPER-02,93,3,27,0.7965
ZW-HYPER-02,93,3,28,0.8256
ZW-HYPER-02,93,3,29,0.7098
ZW-HYPER-02,93,3,30,0.7988
ZW-HYPER-02,96,1,0,0.0148
ZW-HYPER-02,96,1,1,0.0189
ZW-HYPER-02,96,1,2,0.0234
ZW-HYPER-02,96,1,3,0.0344
ZW-HYPER-02,96,1,4,0.0274
ZW-HYPER-02,96,1,5,0.0347
ZW-HYPER-02,96,1,6,0.0299
ZW-HYPER-02,96,1,7,0.0255
ZW-HYPER-02,96,1,8,0.0353
ZW-HYPER-02,96,1,9,0.0405
ZW-HYPER-02,96,1,10,0.0329
ZW-HYPER-02,96,1,11,0.0434
ZW-HYPER-02,96,1,12,0.0447
ZW-HYPER-02,96,1,13,0.0502
ZW-HYPER-02,96,1,14,0.0532
ZW-HYPER-02,96,1,15,0.0464
ZW-HYPER-02,96,1,16,0.0574
ZW-HYPER-02,96,1,17,0.0642
ZW-HYPER-02,96,1,18,0.0705
ZW-HYPER-02,96,1,19,0.0690
ZW-HYPER-02,96,1,20,0.0751
ZW-HYPER-02,96,1,21,0.0689
ZW-HYPER-02,96,1,22,0.0731
ZW-HYPER-02,96,1,23,0.0822
ZW-HYPER-02,96,1,24,0.0950
ZW-HYPER-02,96,1,25,0.0858
ZW-HYPER-02,96,1,26,0.0846
ZW-HYPER-02,96,1,27,0.0931
ZW-HYPER-02,96,1,28,0.0987
ZW-HYPER-02,96,1,29,0.1035
ZW-HYPER-02,96,1,30,0.1089
ZW-HYPER-02,96,2,0,0.0182
ZW-HYPER-02,96,2,1,0.0270
ZW-HYPER-02,96,2,2,0.0216
ZW-HYPER-02,96,2,3,0.0199
ZW-HYPER-02,96,2,4,0.0273
ZW-HYPER-02,96,2,5,0.0282
ZW-HYPER-02,96,2,6,0.0303
ZW-HYPER-02,96,2,7,0.0287
ZW-HYPER-02,96,2,8,0.0295
ZW-HYPER-02,96,2,9,0.0386
ZW-HYPER-02,96,2,10,0.0473
ZW-HYPER-02,96,2,11,0.0319
ZW-HYPER-02,96,2,12,0.0422
ZW-HYPER-02,96,2,13,0.0433
ZW-HYPER-02,96,2,14,0.0518
ZW-HYPER-02,96,2,15,0.0611
ZW-HYPER-02,96,2,16,0.0562
ZW-HYPER-02,96,2,17,0.0566
ZW-HYPER-02,96,2,18,0.0634
ZW-HYPER-02,96,2,19,0.0696
ZW-HYPER-02,96,2,20,0.0681
ZW-HYPER-02,96,2,21,0.0785
ZW-HYPER-02,96,2,22,0.0745
ZW-HYPER-02,96,2,23,0.0739
ZW-HYPER-02,96,2,24,0.0869
ZW-HYPER-02,96,2,25,0.0946
ZW-HYPER-02,96,2,26,0.0975
ZW-HYPER-02,96,2,27,0.0993
ZW-HYPER-02,96,2,28,0.0993
ZW-HYPER-02,96,2,29,0.1084
ZW-HYPER-02,96,2,30,0.1185
ZW-HYPER-02,96,3,0,0.0161
ZW-HYPER-02,96,3,1,0.0209
ZW-HYPER-02,96,3,2,0.0260
ZW-HYPER-02,96,3,3,0.0226
ZW-HYPER-02,96,3,4,0.0316
ZW-HYPER-02,96,3,5,0.0267
ZW-HYPER-02,96,3,6,0.0281
ZW-HYPER-02,96,3,7,0.0345
ZW-HYPER-02,96,3,8,0.0433
ZW-HYPER-02,96,3,9,0.0341
ZW-HYPER-02,96,3,10,0.0316
ZW-HYPER-02,96,3,11,0.0428
ZW-HYPER-02,96,3,12,0.0482
ZW-HYPER-02,96,3,13,0.0453
ZW-HYPER-02,96,3,14,0.0457
ZW-HYPER-02,96,3,15,0.0570
ZW-HYPER-02,96,3,16,0.0547
ZW-HYPER-02,96,3,17,0.0583
ZW-HYPER-02,96,3,18,0.0629
ZW-HYPER-02,96,3,19,0.0520
ZW-HYPER-02,96,3,20,0.0629
ZW-HYPER-02,96,3,21,0.0809
ZW-HYPER-02,96,3,22,0.0732
ZW-HYPER-02,96,3,23,0.0650
ZW-HYPER-02,96,3,24,0.0794
ZW-HYPER-02,96,3,25,0.0901
ZW-HYPER-02,96,3,26,0.0958
ZW-HYPER-02,96,3,27,0.0859
ZW-HYPER-02,96,3,28,0.0983
ZW-HYPER-02,96,3,29,0.1075
ZW-HYPER-02,96,3,30,0.1156
ZW-HYPER-02,99,1,0,0.0255
ZW-HYPER-02,99,1,1,0.0235
ZW-HYPER-02,99,1,2,0.0145
ZW-HYPER-02,99,1,3,0.0220
ZW-HYPER-02,99,1,4,0.0115
ZW-HYPER-02,99,1,5,0.0241
ZW-HYPER-02,99,1,6,0.0147
ZW-HYPER-02,99,1,7,0.0252
ZW-HYPER-02,99,1,8,0.0110
ZW-HYPER-02,99,1,9,0.0229
ZW-HYPER-02,99,1,10,0.0147
ZW-HYPER-02,99,1,11,0.0312
ZW-HYPER-02,99,1,12,0.0303
ZW-HYPER-02,99,1,13,0.0213
ZW-HYPER-02,99,1,14,0.0183
ZW-HYPER-02,99,1,15,0.0205
ZW-HYPER-02,99,1,16,0.0127
ZW-HYPER-02,99,1,17,0.0234
ZW-HYPER-02,99,1,18,0.0255
ZW-HYPER-02,99,1,19,0.0172
ZW-HYPER-02,99,1,20,0.0270
ZW-HYPER-02,99,1,21,0.0228
ZW-HYPER-02,99,1,22,0.0216
ZW-HYPER-02,99,1,23,0.0190
ZW-HYPER-02,99,1,24,0.0266
ZW-HYPER-02,99,1,25,0.0173
ZW-HYPER-02,99,1,26,0.0265
ZW-HYPER-02,99,1,27,0.0115
ZW-HYPER-02,99,1,28,0.0164
ZW-HYPER-02,99,1,29,0.0237
ZW-HYPER-02,99,1,30,0.0165
ZW-HYPER-02,99,2,0,0.0230
ZW-HYPER-02,99,2,1,0.0277
ZW-HYPER-02,99,2,2,0.0190
ZW-HYPER-02,99,2,3,0.0138
ZW-HYPER-02,99,2,4,0.0234
ZW-HYPER-02,99,2,5,0.0212
ZW-HYPER-02,99,2,6,0.0177
ZW-HYPER-02,99,2,7,0.0176
ZW-HYPER-02,99,2,8,0.0219
ZW-HYPER-02,99,2,9,0.0290
ZW-HYPER-02,99,2,10,0.0235
ZW-HYPER-02,99,2,11,0.0251
ZW-HYPER-02,99,2,12,0.0274
ZW-HYPER-02,99,2,13,0.0178
ZW-HYPER-02,99,2,14,0.0276
ZW-HYPER-02,99,2,15,0.0216
ZW-HYPER-02,99,2,16,0.0215
ZW-HYPER-02,99,2,17,0.0234
ZW-HYPER-02,99,2,18,0.0143
ZW-HYPER-02,99,2,19,0.0188
ZW-HYPER-02,99,2,20,0.0215
ZW-HYPER-02,99,2,21,0.0152
ZW-HYPER-02,99,2,22,0.0128
ZW-HYPER-02,99,2,23,0.0122
ZW-HYPER-02,99,2,24,0.0241
ZW-HYPER-02,99,2,25,0.0254
ZW-HYPER-02,99,2,26,0.0175
ZW-HYPER-02,99,2,27,0.0243
ZW-HYPER-02,99,2,28,0.0232
ZW-HYPER-02,99,2,29,0.0132
ZW-HYPER-02,99,2,30,0.0224
ZW-HYPER-02,99,3,0,0.0151
ZW-HYPER-02,99,3,1,0.0206
ZW-HYPER-02,99,3,2,0.0183
ZW-HYPER-02,99,3,3,0.0239
ZW-HYPER-02,99,3,4,0.0263
ZW-HYPER-02,99,3,5,0.0177
ZW-HYPER-02,99,3,6,0.0214
ZW-HYPER-02,99,3,7,0.0222
ZW-HYPER-02,99,3,8,0.0094
ZW-HYPER-02,99,3,9,0.0203
ZW-HYPER-02,99,3,10,0.0193
ZW-HYPER-02,99,3,11,0.0216
ZW-HYPER-02,99,3,12,0.0160
ZW-HYPER-02,99,3,13,0.0139
ZW-HYPER-02,99,3,14,0.0208
ZW-HYPER-02,99,3,15,0.0222
ZW-HYPER-02,99,3,16,0.0138
ZW-HYPER-02,99,3,17,0.0217
ZW-HYPER-02,99,3,18,0.0191
ZW-HYPER-02,99,3,19,0.0240
ZW-HYPER-02,99,3,20,0.0266
ZW-HYPER-02,99,3,21,0.0205
ZW-HYPER-02,99,3,22,0.0215
ZW-HYPER-02,99,3,23,0.0219
ZW-HYPER-02,99,3,24,0.0185
ZW-HYPER-02,99,3,25,0.0144
ZW-HYPER-02,99,3,26,0.0215
ZW-HYPER-02,99,3,27,0.0241
ZW-HYPER-02,99,3,28,0.0171
ZW-HYPER-02,99,3,29,0.0234
ZW-HYPER-02,99,3,30,0.0172
ZW-THERM-01,40,1,0,0.0167
ZW-THERM-01,40,1,1,0.0288
ZW-THERM-01,40,1,2,0.0205
ZW-THERM-01,40,1,3,0.0261
ZW-THERM-01,40,1,4,0.0263
ZW-THERM-01,40,1,5,0.0253
ZW-THERM-01,40,1,6,0.0196
ZW-THERM-01,40,1,7,0.0215
ZW-THERM-01,40,1,8,0.0234
ZW-THERM-01,40,1,9,0.0274
ZW-THERM-01,40,1,10,0.0219
ZW-THERM-01,40,1,11,0.0267
ZW-THERM-01,40,1,12,0.0327
ZW-THERM-01,40,1,13,0.0350
ZW-THERM-01,40,1,14,0.0370
ZW-THERM-01,40,1,15,0.0397
ZW-THERM-01,40,1,16,0.0315
ZW-THERM-01,40,1,17,0.0346
ZW-THERM-01,40,1,18,0.0445
ZW-THERM-01,40,1,19,0.0398
ZW-THERM-01,40,1,20,0.0432
ZW-THERM-01,40,1,21,0.0478
ZW-THERM-01,40,1,22,0.0410
ZW-THERM-01,40,1,23,0.0467
ZW-THERM-01,40,1,24,0.0471
ZW-THERM-01,40,1,25,0.0597
ZW-THERM-01,40,1,26,0.0518
ZW-THERM-01,40,1,27,0.0507
ZW-THERM-01,40,1,28,0.0576
ZW-THERM-01,40,1,29,0.0462
ZW-THERM-01,40,1,30,0.0548
ZW-THERM-01,40,2,0,0.0178
ZW-THERM-01,40,2,1,0.0230
ZW-THERM-01,40,2,2,0.0186
ZW-THERM-01,40,2,3,0.0203
ZW-THERM-01,40,2,4,0.0266
ZW-THERM-01,40,2,5,0.0218
ZW-THERM-01,40,2,6,0.0281
ZW-THERM-01,40,2,7,0.0230
ZW-THERM-01,40,2,8,0.0303
ZW-THERM-01,40,2,9,0.0309
ZW-THERM-01,40,2,10,0.0227
ZW-THERM-01,40,2,11,0.0317
ZW-THERM-01,40,2,12,0.0377
ZW-THERM-01,40,2,13,0.0365
ZW-THERM-01,40,2,14,0.0305
ZW-THERM-01,40,2,15,0.0347
ZW-THERM-01,40,2,16,0.0312
ZW-THERM-01,40,2,17,0.0389
ZW-THERM-01,40,2,18,0.0443
ZW-THERM-01,40,2,19,0.0404
ZW-THERM-01,40,2,20,0.0429
ZW-THERM-01,40,2,21,0.0384
ZW-THERM-01,40,2,22,0.0491
ZW-THERM-01,40,2,23,0.0429
ZW-THERM-01,40,2,24,0.0471
ZW-THERM-01,40,2,25,0.0447
ZW-THERM-01,40,2,26,0.0479
ZW-THERM-01,40,2,27,0.0494
ZW-THERM-01,40,2,28,0.0486
ZW-THERM-01,40,2,29,0.0604
ZW-THERM-01,40,2,30,0.0561
ZW-THERM-01,40,3,0,0.0235
ZW-THERM-01,40,3,1,0.0155
ZW-THERM-01,40,3,2,0.0221
ZW-THERM-01,40,3,3,0.0254
ZW-THERM-01,40,3,4,0.0218
ZW-THERM-01,40,3,5,0.0250
ZW-THERM-01,40,3,6,0.0315
ZW-THERM-01,40,3,7,0.0221
ZW-THERM-01,40,3,8,0.0332
ZW-THERM-01,40,3,9,0.0301
ZW-THERM-01,40,3,10,0.0297
ZW-THERM-01,40,3,11,0.0299
ZW-THERM-01,40,3,12,0.0242
ZW-THERM-01,40,3,13,0.0399
ZW-THERM-01,40,3,14,0.0303
ZW-THERM-01,40,3,15,0.0358
ZW-THERM-01,40,3,16,0.0366
ZW-THERM-01,40,3,17,0.0316
ZW-THERM-01,40,3,18,0.0365
ZW-THERM-01,40,3,19,0.0345
ZW-THERM-01,40,3,20,0.0394
ZW-THERM-01,40,3,21,0.0417
ZW-THERM-01,40,3,22,0.0511
ZW-THERM-01,40,3,23,0.0401
ZW-THERM-01,40,3,24,0.0490
ZW-THERM-01,40,3,25,0.0538
ZW-THERM-01,40,3,26,0.0540
ZW-THERM-01,40,3,27,0.0467
ZW-THERM-01,40,3,28,0.0536
ZW-THERM-01,40,3,29,0.0530
ZW-THERM-01,40,3,30,0.0505
ZW-THERM-01,45,1,0,0.0180
ZW-THERM-01,45,1,1,0.0154
ZW-THERM-01,45,1,2,0.0274
ZW-THERM-01,45,1,3,0.0304
ZW-THERM-01,45,1,4,0.0230
ZW-THERM-01,45,1,5,0.0271
ZW-THERM-01,45,1,6,0.0494
ZW-THERM-01,45,1,7,0.0361
ZW-THERM-01,45,1,8,0.0508
ZW-THERM-01,45,1,9,0.0438
ZW-THERM-01,45,1,10,0.0522
ZW-THERM-01,45,1,11,0.0668
ZW-THERM-01,45,1,12,0.0718
ZW-THERM-01,45,1,13,0.0766
ZW-THERM-01,45,1,14,0.0860
ZW-THERM-01,45,1,15,0.0780
ZW-THERM-01,45,1,16,0.0869
ZW-THERM-01,45,1,17,0.0944
ZW-THERM-01,45,1,18,0.0983
ZW-THERM-01,45,1,19,0.1196
ZW-THERM-01,45,1,20,0.1235
ZW-THERM-01,45,1,21,0.1287
ZW-THERM-01,45,1,22,0.1328
ZW-THERM-01,45,1,23,0.1464
ZW-THERM-01,45,1,24,0.1397
ZW-THERM-01,45,1,25,0.1423
ZW-THERM-01,45,1,26,0.1509
ZW-THERM-01,45,1,27,0.1539
ZW-THERM-01,45,1,28,0.1456
ZW-THERM-01,45,1,29,0.1576
ZW-THERM-01,45,1,30,0.1830
ZW-THERM-01,45,2,0,0.0165
ZW-THERM-01,45,2,1,0.0230
ZW-THERM-01,45,2,2,0.0258
ZW-THERM-01,45,2,3,0.0312
ZW-THERM-01,45,2,4,0.0359
ZW-THERM-01,45,2,5,0.0302
ZW-THERM-01,45,2,6,0.0361
ZW-THERM-01,45,2,7,0.0441
ZW-THERM-01,45,2,8,0.0454
ZW-THERM-01,45,2,9,0.0540
ZW-THERM-01,45,2,10,0.0547
ZW-THERM-01,45,2,11,0.0575
ZW-THERM-01,45,2,12,0.0702
ZW-THERM-01,45,2,13,0.0718
ZW-THERM-01,45,2,14,0.0749
ZW-THERM-01,45,2,15,0.0898
ZW-THERM-01,45,2,16,0.0935
ZW-THERM-01,45,2,17,0.1002
ZW-THERM-01,45,2,18,0.1074
ZW-THERM-01,45,2,19,0.1165
ZW-THERM-01,45,2,20,0.1154
ZW-THERM-01,45,2,21,0.1211
ZW-THERM-01,45,2,22,0.1324
ZW-THERM-01,45,2,23,0.1455
ZW-THERM-01,45,2,24,0.1409
ZW-THERM-01,45,2,25,0.1406
ZW-THERM-01,45,2,26,0.1401
ZW-THERM-01,45,2,27,0.1463
ZW-THERM-01,45,2,28,0.1559
ZW-THERM-01,45,2,29,0.1729
ZW-THERM-01,45,2,30,0.1745
ZW-THERM-01,45,3,0,0.0266
ZW-THERM-01,45,3,1,0.0217
ZW-THERM-01,45,3,2,0.0283
ZW-THERM-01,45,3,3,0.0307
ZW-THERM-01,45,3,4,0.0282
ZW-THERM-01,45,3,5,0.0323
ZW-THERM-01,45,3,6,0.0422
ZW-THERM-01,45,3,7,0.0389
ZW-THERM-01,45,3,8,0.0435
ZW-THERM-01,45,3,9,0.0555
ZW-THERM-01,45,3,10,0.0605
ZW-THERM-01,45,3,11,0.0650
ZW-THERM-01,45,3,12,0.0629
ZW-THERM-01,45,3,13,0.0762
ZW-THERM-01,45,3,14,0.0862
ZW-THERM-01,45,3,15,0.0851
ZW-THERM-01,45,3,16,0.0940
ZW-THERM-01,45,3,17,0.1109
ZW-THERM-01,45,3,18,0.1103
ZW-THERM-01,45,3,19,0.1061
ZW-THERM-01,45,3,20,0.1140
ZW-THERM-01,45,3,21,0.1211
ZW-THERM-01,45,3,22,0.1385
ZW-THERM-01,45,3,23,0.1363
ZW-THERM-01,45,3,24,0.1388
ZW-THERM-01,45,3,25,0.1486
ZW-THERM-01,45,3,26,0.1457
ZW-THERM-01,45,3,27,0.1482
ZW-THERM-01,45,3,28,0.1635
ZW-THERM-01,45,3,29,0.1666
ZW-THERM-01,45,3,30,0.1606
ZW-THERM-01,50,1,0,0.0163
ZW-THERM-01,50,1,1,0.0244
ZW-THERM-01,50,1,2,0.0314
ZW-THERM-01,50,1,3,0.0311
ZW-THERM-01,50,1,4,0.0494
ZW-THERM-01,50,1,5,0.0552
ZW-THERM-01,50,1,6,0.0726
ZW-THERM-01,50,1,7,0.0922
ZW-THERM-01,50,1,8,0.1097
ZW-THERM-01,50,1,9,0.1221
ZW-THERM-01,50,1,10,0.1473
ZW-THERM-01,50,1,11,0.1576
ZW-THERM-01,50,1,12,0.1763
ZW-THERM-01,50,1,13,0.2077
ZW-THERM-01,50,1,14,0.2017
ZW-THERM-01,50,1,15,0.2193
ZW-THERM-01,50,1,16,0.2203
ZW-THERM-01,50,1,17,0.2310
ZW-THERM-01,50,1,18,0.2643
ZW-THERM-01,50,1,19,0.2700
ZW-THERM-01,50,1,20,0.2854
ZW-THERM-01,50,1,21,0.2926
ZW-THERM-01,50,1,22,0.3080
ZW-THERM-01,50,1,23,0.2859
ZW-THERM-01,50,1,24,0.3112
ZW-THERM-01,50,1,25,0.3087
ZW-THERM-01,50,1,26,0.3176
ZW-THERM-01,50,1,27,0.2914
ZW-THERM-01,50,1,28,0.3078
ZW-THERM-01,50,1,29,0.3034
ZW-THERM-01,50,1,30,0.2999
ZW-THERM-01,50,2,0,0.0089
ZW-THERM-01,50,2,1,0.0305
ZW-THERM-01,50,2,2,0.0291
ZW-THERM-01,50,2,3,0.0418
ZW-THERM-01,50,2,4,0.0455
ZW-THERM-01,50,2,5,0.0585
ZW-THERM-01,50,2,6,0.0731
ZW-THERM-01,50,2,7,0.0983
ZW-THERM-01,50,2,8,0.1103
ZW-THERM-01,50,2,9,0.1195
ZW-THERM-01,50,2,10,0.1465
ZW-THERM-01,50,2,11,0.1764
ZW-THERM-01,50,2,12,0.1927
ZW-THERM-01,50,2,13,0.2001
ZW-THERM-01,50,2,14,0.2493
ZW-THERM-01,50,2,15,0.2487
ZW-THERM-01,50,2,16,0.2313
ZW-THERM-01,50,2,17,0.2283
ZW-THERM-01,50,2,18,0.2752
ZW-THERM-01,50,2,19,0.2660
ZW-THERM-01,50,2,20,0.3082
ZW-THERM-01,50,2,21,0.2876
ZW-THERM-01,50,2,22,0.2678
ZW-THERM-01,50,2,23,0.2900
ZW-THERM-01,50,2,24,0.2607
ZW-THERM-01,50,2,25,0.2918
ZW-THERM-01,50,2,26,0.3110
ZW-THERM-01,50,2,27,0.2763
ZW-THERM-01,50,2,28,0.3066
ZW-THERM-01,50,2,29,0.3210
ZW-THERM-01,50,2,30,0.3069
ZW-THERM-01,50,3,0,0.0122
ZW-THERM-01,50,3,1,0.0267
ZW-THERM-01,50,3,2,0.0340
ZW-THERM-01,50,3,3,0.0432
ZW-THERM-01,50,3,4,0.0537
ZW-THERM-01,50,3,5,0.0714
ZW-THERM-01,50,3,6,0.0785
ZW-THERM-01,50,3,7,0.0866
ZW-THERM-01,50,3,8,0.1077
ZW-THERM-01,50,3,9,0.1216
ZW-THERM-01,50,3,10,0.1256
ZW-THERM-01,50,3,11,0.1582
ZW-THERM-01,50,3,12,0.1910
ZW-THERM-01,50,3,13,0.1821
ZW-THERM-01,50,3,14,0.2081
ZW-THERM-01,50,3,15,0.2325
ZW-THERM-01,50,3,16,0.2493
ZW-THERM-01,50,3,17,0.2423
ZW-THERM-01,50,3,18,0.2429
ZW-THERM-01,50,3,19,0.2747
ZW-THERM-01,50,3,20,0.2557
ZW-THERM-01,50,3,21,0.2887
ZW-THERM-01,50,3,22,0.3051
ZW-THERM-01,50,3,23,0.3067
ZW-THERM-01,50,3,24,0.2852
ZW-THERM-01,50,3,25,0.3002
ZW-THERM-01,50,3,26,0.2986
ZW-THERM-01,50,3,27,0.2673
ZW-THERM-01,50,3,28,0.2965
ZW-THERM-01,50,3,29,0.3145
ZW-THERM-01,50,3,30,0.3096
ZW-THERM-01,55,1,0,0.0209
ZW-THERM-01,55,1,1,0.0279
ZW-THERM-01,55,1,2,0.0480
ZW-THERM-01,55,1,3,0.0600
ZW-THERM-01,55,1,4,0.0875
ZW-THERM-01,55,1,5,0.1266
ZW-THERM-01,55,1,6,0.1565
ZW-THERM-01,55,1,7,0.1866
ZW-THERM-01,55,1,8,0.2737
ZW-THERM-01,55,1,9,0.2891
ZW-THERM-01,55,1,10,0.3454
ZW-THERM-01,55,1,11,0.3904
ZW-THERM-01,55,1,12,0.3643
ZW-THERM-01,55,1,13,0.4059
ZW-THERM-01,55,1,14,0.4589
ZW-THERM-01,55,1,15,0.4290
ZW-THERM-01,55,1,16,0.4415
ZW-THERM-01,55,1,17,0.4572
ZW-THERM-01,55,1,18,0.4598
ZW-THERM-01,55,1,19,0.4651
ZW-THERM-01,55,1,20,0.4036
ZW-THERM-01,55,1,21,0.4116
ZW-THERM-01,55,1,22,0.4566
ZW-THERM-01,55,1,23,0.4805
ZW-THERM-01,55,1,24,0.4410
ZW-THERM-01,55,1,25,0.4711
ZW-THERM-01,55,1,26,0.4855
ZW-THERM-01,55,1,27,0.4682
ZW-THERM-01,55,1,28,0.4876
ZW-THERM-01,55,1,29,0.4574
ZW-THERM-01,55,1,30,0.4800
ZW-THERM-01,55,2,0,0.0248
ZW-THERM-01,55,2,1,0.0312
ZW-THERM-01,55,2,2,0.0410
ZW-THERM-01,55,2,3,0.0601
ZW-THERM-01,55,2,4,0.0913
ZW-THERM-01,55,2,5,0.1178
ZW-THERM-01,55,2,6,0.1635
ZW-THERM-01,55,2,7,0.2206
ZW-THERM-01,55,2,8,0.2401
ZW-THERM-01,55,2,9,0.2947
ZW-THERM-01,55,2,10,0.3266
ZW-THERM-01,55,2,11,0.3512
ZW-THERM-01,55,2,12,0.4019
ZW-THERM-01,55,2,13,0.4212
ZW-THERM-01,55,2,14,0.4355
ZW-THERM-01,55,2,15,0.4495
ZW-THERM-01,55,2,16,0.4540
ZW-THERM-01,55,2,17,0.4634
ZW-THERM-01,55,2,18,0.4288
ZW-THERM-01,55,2,19,0.4373
ZW-THERM-01,55,2,20,0.4608
ZW-THERM-01,55,2,21,0.4552
ZW-THERM-01,55,2,22,0.4794
ZW-THERM-01,55,2,23,0.4586
ZW-THERM-01,55,2,24,0.4705
ZW-THERM-01,55,2,25,0.4219
ZW-THERM-01,55,2,26,0.4304
ZW-THERM-01,55,2,27,0.4365
ZW-THERM-01,55,2,28,0.4390
ZW-THERM-01,55,2,29,0.4342
ZW-THERM-01,55,2,30,0.4546
ZW-THERM-01,55,3,0,0.0217
ZW-THERM-01,55,3,1,0.0308
ZW-THERM-01,55,3,2,0.0441
ZW-THERM-01,55,3,3,0.0686
ZW-THERM-01,55,3,4,0.0852
ZW-THERM-01,55,3,5,0.1251
ZW-THERM-01,55,3,6,0.1544
ZW-THERM-01,55,3,7,0.2094
ZW-THERM-01,55,3,8,0.2387
ZW-THERM-01,55,3,9,0.3125
ZW-THERM-01,55,3,10,0.3434
ZW-THERM-01,55,3,11,0.3984
ZW-THERM-01,55,3,12,0.4180
ZW-THERM-01,55,3,13,0.4083
ZW-THERM-01,55,3,14,0.4314
ZW-THERM-01,55,3,15,0.4903
ZW-THERM-01,55,3,16,0.4213
ZW-THERM-01,55,3,17,0.4761
ZW-THERM-01,55,3,18,0.4567
ZW-THERM-01,55,3,19,0.4935
ZW-THERM-01,55,3,20,0.4646
ZW-THERM-01,55,3,21,0.4944
ZW-THERM-01,55,3,22,0.4486
ZW-THERM-01,55,3,23,0.4657
ZW-THERM-01,55,3,24,0.4995
ZW-THERM-01,55,3,25,0.4831
ZW-THERM-01,55,3,26,0.4435
ZW-THERM-01,55,3,27,0.4796
ZW-THERM-01,55,3,28,0.4645
ZW-THERM-01,55,3,29,0.4442
ZW-THERM-01,55,3,30,0.4670
ZW-THERM-01,58,1,0,0.0168
ZW-THERM-01,58,1,1,0.0323
ZW-THERM-01,58,1,2,0.0570
ZW-THERM-01,58,1,3,0.0848
ZW-THERM-01,58,1,4,0.1439
ZW-THERM-01,58,1,5,0.1982
ZW-THERM-01,58,1,6,0.2524
ZW-THERM-01,58,1,7,0.3311
ZW-THERM-01,58,1,8,0.4020
ZW-THERM-01,58,1,9,0.4775
ZW-THERM-01,58,1,10,0.4987
ZW-THERM-01,58,1,11,0.4789
ZW-THERM-01,58,1,12,0.5472
ZW-THERM-01,58,1,13,0.5931
ZW-THERM-01,58,1,14,0.5616
ZW-THERM-01,58,1,15,0.5566
ZW-THERM-01,58,1,16,0.5667
ZW-THERM-01,58,1,17,0.5880
ZW-THERM-01,58,1,18,0.5803
ZW-THERM-01,58,1,19,0.5981
ZW-THERM-01,58,1,20,0.5595
ZW-THERM-01,58,1,21,0.5450
ZW-THERM-01,58,1,22,0.5122
ZW-THERM-01,58,1,23,0.5843
ZW-THERM-01,58,1,24,0.5833
ZW-THERM-01,58,1,25,0.5724
ZW-THERM-01,58,1,26,0.5503
ZW-THERM-01,58,1,27,0.5767
ZW-THERM-01,58,1,28,0.5974
ZW-THERM-01,58,1,29,0.5961
ZW-THERM-01,58,1,30,0.5454
ZW-THERM-01,58,2,0,0.0291
ZW-THERM-01,58,2,1,0.0366
ZW-THERM-01,58,2,2,0.0485
ZW-THERM-01,58,2,3,0.0924
ZW-THERM-01,58,2,4,0.1376
ZW-THERM-01,58,2,5,0.1833
ZW-THERM-01,58,2,6,0.2466
ZW-THERM-01,58,2,7,0.3629
ZW-THERM-01,58,2,8,0.3976
ZW-THERM-01,58,2,9,0.4782
ZW-THERM-01,58,2,10,0.4949
ZW-THERM-01,58,2,11,0.5535
ZW-THERM-01,58,2,12,0.4737
ZW-THERM-01,58,2,13,0.5626
ZW-THERM-01,58,2,14,0.5638
ZW-THERM-01,58,2,15,0.5812
ZW-THERM-01,58,2,16,0.5707
ZW-THERM-01,58,2,17,0.6513
ZW-THERM-01,58,2,18,0.6000
ZW-THERM-01,58,2,19,0.5754
ZW-THERM-01,58,2,20,0.5593
ZW-THERM-01,58,2,21,0.5574
ZW-THERM-01,58,2,22,0.5981
ZW-THERM-01,58,2,23,0.5807
ZW-THERM-01,58,2,24,0.5999
ZW-THERM-01,58,2,25,0.6104
ZW-THERM-01,58,2,26,0.6021
ZW-THERM-01,58,2,27,0.5663
ZW-THERM-01,58,2,28,0.6184
ZW-THERM-01,58,2,29,0.5949
ZW-THERM-01,58,2,30,0.5333
ZW-THERM-01,58,3,0,0.0209
ZW-THERM-01,58,3,1,0.0370
ZW-THERM-01,58,3,2,0.0585
ZW-THERM-01,58,3,3,0.0829
ZW-THERM-01,58,3,4,0.1340
ZW-THERM-01,58,3,5,0.2004
ZW-THERM-01,58,3,6,0.2911
ZW-THERM-01,58,3,7,0.3218
ZW-THERM-01,58,3,8,0.4601
ZW-THERM-01,58,3,9,0.5093
ZW-THERM-01,58,3,10,0.5296
ZW-THERM-01,58,3,11,0.5224
ZW-THERM-01,58,3,12,0.5447
ZW-THERM-01,58,3,13,0.5360
ZW-THERM-01,58,3,14,0.5420
ZW-THERM-01,58,3,15,0.5581
ZW-THERM-01,58,3,16,0.5734
ZW-THERM-01,58,3,17,0.5746
ZW-THERM-01,58,3,18,0.6177
ZW-THERM-01,58,3,19,0.6140
ZW-THERM-01,58,3,20,0.5259
ZW-THERM-01,58,3,21,0.5651
ZW-THERM-01,58,3,22,0.6137
ZW-THERM-01,58,3,23,0.5712
ZW-THERM-01,58,3,24,0.5684
ZW-THERM-01,58,3,25,0.5070
ZW-THERM-01,58,3,26,0.5924
ZW-THERM-01,58,3,27,0.5641
ZW-THERM-01,58,3,28,0.5870
ZW-THERM-01,58,3,29,0.5655
ZW-THERM-01,58,3,30,0.5578
ZW-THERM-01,61,1,0,0.0235
ZW-THERM-01,61,1,1,0.0365
ZW-THERM-01,61,1,2,0.0728
ZW-THERM-01,61,1,3,0.1254
ZW-THERM-01,61,1,4,0.1924
ZW-THERM-01,61,1,5,0.3221
ZW-THERM-01,61,1,6,0.4403
ZW-THERM-01,61,1,7,0.5439
ZW-THERM-01,61,1,8,0.6267
ZW-THERM-01,61,1,9,0.6202
ZW-THERM-01,61,1,10,0.6547
ZW-THERM-01,61,1,11,0.6392
ZW-THERM-01,61,1,12,0.7190
ZW-THERM-01,61,1,13,0.6667
ZW-THERM-01,61,1,14,0.6506
ZW-THERM-01,61,1,15,0.7008
ZW-THERM-01,61,1,16,0.6193
ZW-THERM-01,61,1,17,0.6971
ZW-THERM-01,61,1,18,0.6535
ZW-THERM-01,61,1,19,0.7305
ZW-THERM-01,61,1,20,0.6944
ZW-THERM-01,61,1,21,0.7168
ZW-THERM-01,61,1,22,0.6937
ZW-THERM-01,61,1,23,0.7098
ZW-THERM-01,61,1,24,0.6924
ZW-THERM-01,61,1,25,0.6610
ZW-THERM-01,61,1,26,0.7020
ZW-THERM-01,61,1,27,0.6900
ZW-THERM-01,61,1,28,0.7259
ZW-THERM-01,61,1,29,0.6617
ZW-THERM-01,61,1,30,0.7652
ZW-THERM-01,61,2,0,0.0255
ZW-THERM-01,61,2,1,0.0390
ZW-THERM-01,61,2,2,0.0784
ZW-THERM-01,61,2,3,0.1260
ZW-THERM-01,61,2,4,0.2123
ZW-THERM-01,61,2,5,0.3445
ZW-THERM-01,61,2,6,0.4485
ZW-THERM-01,61,2,7,0.5099
ZW-THERM-01,61,2,8,0.6079
ZW-THERM-01,61,2,9,0.6015
ZW-THERM-01,61,2,10,0.6311
ZW-THERM-01,61,2,11,0.6568
ZW-THERM-01,61,2,12,0.7337
ZW-THERM-01,61,2,13,0.6558
ZW-THERM-01,61,2,14,0.6796
ZW-THERM-01,61,2,15,0.6916
ZW-THERM-01,61,2,16,0.6956
ZW-THERM-01,61,2,17,0.6241
ZW-THERM-01,61,2,18,0.6860
ZW-THERM-01,61,2,19,0.6734
ZW-THERM-01,61,2,20,0.7358
ZW-THERM-01,61,2,21,0.7121
ZW-THERM-01,61,2,22,0.6612
ZW-THERM-01,61,2,23,0.7113
ZW-THERM-01,61,2,24,0.6975
ZW-THERM-01,61,2,25,0.6868
ZW-THERM-01,61,2,26,0.6977
ZW-THERM-01,61,2,27,0.7142
ZW-THERM-01,61,2,28,0.6408
ZW-THERM-01,61,2,29,0.7247
ZW-THERM-01,61,2,30,0.6417
ZW-THERM-01,61,3,0,0.0162
ZW-THERM-01,61,3,1,0.0343
ZW-THERM-01,61,3,2,0.0696
ZW-THERM-01,61,3,3,0.1224
ZW-THERM-01,61,3,4,0.2013
ZW-THERM-01,61,3,5,0.2875
ZW-THERM-01,61,3,6,0.4237
ZW-THERM-01,61,3,7,0.5328
ZW-THERM-01,61,3,8,0.6179
ZW-THERM-01,61,3,9,0.6320
ZW-THERM-01,61,3,10,0.6646
ZW-THERM-01,61,3,11,0.6905
ZW-THERM-01,61,3,12,0.6573
ZW-THERM-01,61,3,13,0.6648
ZW-THERM-01,61,3,14,0.6871
ZW-THERM-01,61,3,15,0.7210
ZW-THERM-01,61,3,16,0.6865
ZW-THERM-01,61,3,17,0.7422
ZW-THERM-01,61,3,18,0.6827
ZW-THERM-01,61,3,19,0.7168
ZW-THERM-01,61,3,20,0.6475
ZW-THERM-01,61,3,21,0.7604
ZW-THERM-01,61,3,22,0.6999
ZW-THERM-01,61,3,23,0.7231
ZW-THERM-01,61,3,24,0.6401
ZW-THERM-01,61,3,25,0.6547
ZW-THERM-01,61,3,26,0.7541
ZW-THERM-01,61,3,27,0.7527
ZW-THERM-01,61,3,28,0.7352
ZW-THERM-01,61,3,29,0.7454
ZW-THERM-01,61,3,30,0.7044
ZW-THERM-01,64,1,0,0.0203
ZW-THERM-01,64,1,1,0.0429
ZW-THERM-01,64,1,2,0.0965
ZW-THERM-01,64,1,3,0.1866
ZW-THERM-01,64,1,4,0.2848
ZW-THERM-01,64,1,5,0.4651
ZW-THERM-01,64,1,6,0.6353
ZW-THERM-01,64,1,7,0.6749
ZW-THERM-01,64,1,8,0.7903
ZW-THERM-01,64,1,9,0.8566
ZW-THERM-01,64,1,10,0.7850
ZW-THERM-01,64,1,11,0.8117
ZW-THERM-01,64,1,12,0.8290
ZW-THERM-01,64,1,13,0.7861
ZW-THERM-01,64,1,14,0.8438
ZW-THERM-01,64,1,15,0.8751
ZW-THERM-01,64,1,16,0.7892
ZW-THERM-01,64,1,17,0.8887
ZW-THERM-01,64,1,18,0.7872
ZW-THERM-01,64,1,19,0.8368
ZW-THERM-01,64,1,20,0.7821
ZW-THERM-01,64,1,21,0.8534
ZW-THERM-01,64,1,22,0.7720
ZW-THERM-01,64,1,23,0.8672
ZW-THERM-01,64,1,24,0.8809
ZW-THERM-01,64,1,25,0.8552
ZW-THERM-01,64,1,26,0.8812
ZW-THERM-01,64,1,27,0.8095
ZW-THERM-01,64,1,28,0.8213
ZW-THERM-01,64,1,29,0.7939
ZW-THERM-01,64,1,30,0.8025
ZW-THERM-01,64,2,0,0.0246
ZW-THERM-01,64,2,1,0.0462
ZW-THERM-01,64,2,2,0.0924
ZW-THERM-01,64,2,3,0.1757
ZW-THERM-01,64,2,4,0.3292
ZW-THERM-01,64,2,5,0.5043
ZW-THERM-01,64,2,6,0.5661
ZW-THERM-01,64,2,7,0.7375
ZW-THERM-01,64,2,8,0.7881
ZW-THERM-01,64,2,9,0.7608
ZW-THERM-01,64,2,10,0.8635
ZW-THERM-01,64,2,11,0.8336
ZW-THERM-01,64,2,12,0.8132
ZW-THERM-01,64,2,13,0.7936
ZW-THERM-01,64,2,14,0.8267
ZW-THERM-01,64,2,15,0.8380
ZW-THERM-01,64,2,16,0.8363
ZW-THERM-01,64,2,17,0.9137
ZW-THERM-01,64,2,18,0.7626
ZW-THERM-01,64,2,19,0.8309
ZW-THERM-01,64,2,20,0.8077
ZW-THERM-01,64,2,21,0.8556
ZW-THERM-01,64,2,22,0.8365
ZW-THERM-01,64,2,23,0.7341
ZW-THERM-01,64,2,24,0.8815
ZW-THERM-01,64,2,25,0.7951
ZW-THERM-01,64,2,26,0.8355
ZW-THERM-01,64,2,27,0.8509
ZW-THERM-01,64,2,28,0.8878
ZW-THERM-01,64,2,29,0.8318
ZW-THERM-01,64,2,30,0.8084
ZW-THERM-01,64,3,0,0.0193
ZW-THERM-01,64,3,1,0.0433
ZW-THERM-01,64,3,2,0.1013
ZW-THERM-01,64,3,3,0.1612
ZW-THERM-01,64,3,4,0.3182
ZW-THERM-01,64,3,5,0.4540
ZW-THERM-01,64,3,6,0.6684
ZW-THERM-01,64,3,7,0.7282
ZW-THERM-01,64,3,8,0.8215
ZW-THERM-01,64,3,9,0.7919
ZW-THERM-01,64,3,10,0.8824
ZW-THERM-01,64,3,11,0.8031
ZW-THERM-01,64,3,12,0.8243
ZW-THERM-01,64,3,13,0.8544
ZW-THERM-01,64,3,14,0.8468
ZW-THERM-01,64,3,15,0.8059
ZW-THERM-01,64,3,16,0.8488
ZW-THERM-01,64,3,17,0.7851
ZW-THERM-01,64,3,18,0.8754
ZW-THERM-01,64,3,19,0.8236
ZW-THERM-01,64,3,20,0.8810
ZW-THERM-01,64,3,21,0.9024
ZW-THERM-01,64,3,22,0.7701
ZW-THERM-01,64,3,23,0.7896
ZW-THERM-01,64,3,24,0.9321
ZW-THERM-01,64,3,25,0.8416
ZW-THERM-01,64,3,26,0.8183
ZW-THERM-01,64,3,27,0.9069
ZW-THERM-01,64,3,28,0.8304
ZW-THERM-01,64,3,29,0.8780
ZW-THERM-01,64,3,30,0.7359
ZW-THERM-01,67,1,0,0.0242
ZW-THERM-01,67,1,1,0.0478
ZW-THERM-01,67,1,2,0.1293
ZW-THERM-01,67,1,3,0.2253
ZW-THERM-01,67,1,4,0.4565
ZW-THERM-01,67,1,5,0.7301
ZW-THERM-01,67,1,6,0.9749
ZW-THERM-01,67,1,7,0.8819
ZW-THERM-01,67,1,8,0.9316
ZW-THERM-01,67,1,9,0.9199
ZW-THERM-01,67,1,10,1.0465
ZW-THERM-01,67,1,11,0.8875
ZW-THERM-01,67,1,12,0.9110
ZW-THERM-01,67,1,13,0.9502
ZW-THERM-01,67,1,14,0.9066
ZW-THERM-01,67,1,15,0.8484
ZW-THERM-01,67,1,16,0.9171
ZW-THERM-01,67,1,17,0.9177
ZW-THERM-01,67,1,18,1.0642
ZW-THERM-01,67,1,19,0.9586
ZW-THERM-01,67,1,20,0.9258
ZW-THERM-01,67,1,21,0.9346
ZW-THERM-01,67,1,22,0.9911
ZW-THERM-01,67,1,23,0.9306
ZW-THERM-01,67,1,24,0.9866
ZW-THERM-01,67,1,25,1.0265
ZW-THERM-01,67,1,26,0.9662
ZW-THERM-01,67,1,27,0.9277
ZW-THERM-01,67,1,28,0.9213
ZW-THERM-01,67,1,29,0.9202
ZW-THERM-01,67,1,30,0.9642
ZW-THERM-01,67,2,0,0.0239
ZW-THERM-01,67,2,1,0.0593
ZW-THERM-01,67,2,2,0.1170
ZW-THERM-01,67,2,3,0.2674
ZW-THERM-01,67,2,4,0.4380
ZW-THERM-01,67,2,5,0.6916
ZW-THERM-01,67,2,6,0.8676
ZW-THERM-01,67,2,7,0.9363
ZW-THERM-01,67,2,8,0.8967
ZW-THERM-01,67,2,9,0.9837
ZW-THERM-01,67,2,10,0.9967
ZW-THERM-01,67,2,11,0.9696
ZW-THERM-01,67,2,12,0.8868
ZW-THERM-01,67,2,13,0.8802
ZW-THERM-01,67,2,14,0.9247
ZW-THERM-01,67,2,15,1.0144
ZW-THERM-01,67,2,16,1.0385
ZW-THERM-01,67,2,17,0.8355
ZW-THERM-01,67,2,18,0.9832
ZW-THERM-01,67,2,19,0.9461
ZW-THERM-01,67,2,20,1.0517
ZW-THERM-01,67,2,21,0.9357
ZW-THERM-01,67,2,22,0.9510
ZW-THERM-01,67,2,23,1.0040
ZW-THERM-01,67,2,24,0.9476
ZW-THERM-01,67,2,25,0.9710
ZW-THERM-01,67,2,26,0.8557
ZW-THERM-01,67,2,27,0.9064
ZW-THERM-01,67,2,28,0.9676
ZW-THERM-01,67,2,29,0.9043
ZW-THERM-01,67,2,30,0.9930
ZW-THERM-01,67,3,0,0.0170
ZW-THERM-01,67,3,1,0.0594
ZW-THERM-01,67,3,2,0.1256
ZW-THERM-01,67,3,3,0.2658
ZW-THERM-01,67,3,4,0.4394
ZW-THERM-01,67,3,5,0.7417
ZW-THERM-01,67,3,6,0.8584
ZW-THERM-01,67,3,7,0.9617
ZW-THERM-01,67,3,8,0.9318
ZW-THERM-01,67,3,9,0.9916
ZW-THERM-01,67,3,10,0.9573
ZW-THERM-01,67,3,11,0.9900
ZW-THERM-01,67,3,12,0.9575
ZW-THERM-01,67,3,13,0.9824
ZW-THERM-01,67,3,14,1.0158
ZW-THERM-01,67,3,15,1.0920
ZW-THERM-01,67,3,16,0.9729
ZW-THERM-01,67,3,17,0.9718
ZW-THERM-01,67,3,18,0.9035
ZW-THERM-01,67,3,19,0.9499
ZW-THERM-01,67,3,20,0.9548
ZW-THERM-01,67,3,21,0.9909
ZW-THERM-01,67,3,22,1.0151
ZW-THERM-01,67,3,23,0.9866
ZW-THERM-01,67,3,24,0.9821
ZW-THERM-01,67,3,25,1.0235
ZW-THERM-01,67,3,26,0.9675
ZW-THERM-01,67,3,27,1.0170
ZW-THERM-01,67,3,28,1.0079
ZW-THERM-01,67,3,29,0.9372
ZW-THERM-01,67,3,30,0.9371
ZW-THERM-01,70,1,0,0.0192
ZW-THERM-01,70,1,1,0.0599
ZW-THERM-01,70,1,2,0.1467
ZW-THERM-01,70,1,3,0.3280
ZW-THERM-01,70,1,4,0.6045
ZW-THERM-01,70,1,5,0.8788
ZW-THERM-01,70,1,6,0.9883
ZW-THERM-01,70,1,7,1.0745
ZW-THERM-01,70,1,8,1.1136
ZW-THERM-01,70,1,9,1.1094
ZW-THERM-01,70,1,10,1.0752
ZW-THERM-01,70,1,11,1.0575
ZW-THERM-01,70,1,12,1.1209
ZW-THERM-01,70,1,13,0.9960
ZW-THERM-01,70,1,14,1.0391
ZW-THERM-01,70,1,15,1.1299
ZW-THERM-01,70,1,16,1.1736
ZW-THERM-01,70,1,17,1.0656
ZW-THERM-01,70,1,18,1.0675
ZW-THERM-01,70,1,19,0.9940
ZW-THERM-01,70,1,20,1.1126
ZW-THERM-01,70,1,21,1.1622
ZW-THERM-01,70,1,22,1.0832
ZW-THERM-01,70,1,23,1.1570
ZW-THERM-01,70,1,24,1.0139
ZW-THERM-01,70,1,25,1.1222
ZW-THERM-01,70,1,26,1.1156
ZW-THERM-01,70,1,27,1.2072
ZW-THERM-01,70,1,28,1.0900
ZW-THERM-01,70,1,29,1.0917
ZW-THERM-01,70,1,30,1.1774
ZW-THERM-01,70,2,0,0.0174
ZW-THERM-01,70,2,1,0.0649
ZW-THERM-01,70,2,2,0.1381
ZW-THERM-01,70,2,3,0.3497
ZW-THERM-01,70,2,4,0.6214
ZW-THERM-01,70,2,5,0.9316
ZW-THERM-01,70,2,6,0.9770
ZW-THERM-01,70,2,7,1.1329
ZW-THERM-01,70,2,8,1.0094
ZW-THERM-01,70,2,9,1.1448
ZW-THERM-01,70,2,10,1.1923
ZW-THERM-01,70,2,11,0.9690
ZW-THERM-01,70,2,12,1.1677
ZW-THERM-01,70,2,13,0.9873
ZW-THERM-01,70,2,14,1.1506
ZW-THERM-01,70,2,15,1.1101
ZW-THERM-01,70,2,16,1.1625
ZW-THERM-01,70,2,17,1.0107
ZW-THERM-01,70,2,18,1.1199
ZW-THERM-01,70,2,19,1.1431
ZW-THERM-01,70,2,20,1.1256
ZW-THERM-01,70,2,21,1.1015
ZW-THERM-01,70,2,22,1.1655
ZW-THERM-01,70,2,23,1.1281
ZW-THERM-01,70,2,24,1.1150
ZW-THERM-01,70,2,25,1.1037
ZW-THERM-01,70,2,26,1.0521
ZW-THERM-01,70,2,27,1.0379
ZW-THERM-01,70,2,28,1.1303
ZW-THERM-01,70,2,29,1.1288
ZW-THERM-01,70,2,30,1.0885
ZW-THERM-01,70,3,0,0.0104
ZW-THERM-01,70,3,1,0.0522
ZW-THERM-01,70,3,2,0.1377
ZW-THERM-01,70,3,3,0.3548
ZW-THERM-01,70,3,4,0.6641
ZW-THERM-01,70,3,5,0.7910
ZW-THERM-01,70,3,6,1.0084
ZW-THERM-01,70,3,7,1.1365
ZW-THERM-01,70,3,8,1.1047
ZW-THERM-01,70,3,9,1.1465
ZW-THERM-01,70,3,10,1.1163
ZW-THERM-01,70,3,11,1.0677
ZW-THERM-01,70,3,12,1.1215
ZW-THERM-01,70,3,13,1.1136
ZW-THERM-01,70,3,14,1.1120
ZW-THERM-01,70,3,15,1.1133
ZW-THERM-01,70,3,16,1.1576
ZW-THERM-01,70,3,17,1.1605
ZW-THERM-01,70,3,18,1.1098
ZW-THERM-01,70,3,19,1.1065
ZW-THERM-01,70,3,20,1.1256
ZW-THERM-01,70,3,21,1.1472
ZW-THERM-01,70,3,22,1.0216
ZW-THERM-01,70,3,23,1.0609
ZW-THERM-01,70,3,24,1.0481
ZW-THERM-01,70,3,25,1.0870
ZW-THERM-01,70,3,26,1.0672
ZW-THERM-01,70,3,27,1.0897
ZW-THERM-01,70,3,28,1.0904
ZW-THERM-01,70,3,29,1.0228
ZW-THERM-01,70,3,30,1.1229
ZW-THERM-01,73,1,0,0.0181
ZW-THERM-01,73,1,1,0.0598
ZW-THERM-01,73,1,2,0.1667
ZW-THERM-01,73,1,3,0.3940
ZW-THERM-01,73,1,4,0.6791
ZW-THERM-01,73,1,5,0.9096
ZW-THERM-01,73,1,6,1.0361
ZW-THERM-01,73,1,7,1.1357
ZW-THERM-01,73,1,8,1.1611
ZW-THERM-01,73,1,9,1.1632
ZW-THERM-01,73,1,10,1.1134
ZW-THERM-01,73,1,11,1.1323
ZW-THERM-01,73,1,12,1.1361
ZW-THERM-01,73,1,13,1.1759
ZW-THERM-01,73,1,14,1.0902
ZW-THERM-01,73,1,15,1.1084
ZW-THERM-01,73,1,16,1.1065
ZW-THERM-01,73,1,17,1.0634
ZW-THERM-01,73,1,18,1.1505
ZW-THERM-01,73,1,19,1.1426
ZW-THERM-01,73,1,20,1.1611
ZW-THERM-01,73,1,21,1.1606
ZW-THERM-01,73,1,22,1.1248
ZW-THERM-01,73,1,23,1.2250
ZW-THERM-01,73,1,24,1.0620
ZW-THERM-01,73,1,25,1.1134
ZW-THERM-01,73,1,26,1.1768
ZW-THERM-01,73,1,27,1.0908
ZW-THERM-01,73,1,28,1.1137
ZW-THERM-01,73,1,29,1.1080
ZW-THERM-01,73,1,30,1.1317
ZW-THERM-01,73,2,0,0.0163
ZW-THERM-01,73,2,1,0.0598
ZW-THERM-01,73,2,2,0.1568
ZW-THERM-01,73,2,3,0.3572
ZW-THERM-01,73,2,4,0.7237
ZW-THERM-01,73,2,5,0.9875
ZW-THERM-01,73,2,6,1.0350
ZW-THERM-01,73,2,7,1.0366
ZW-THERM-01,73,2,8,1.1668
ZW-THERM-01,73,2,9,1.1400
ZW-THERM-01,73,2,10,1.0854
ZW-THERM-01,73,2,11,1.1257
ZW-THERM-01,73,2,12,1.0646
ZW-THERM-01,73,2,13,1.0275
ZW-THERM-01,73,2,14,1.0831
ZW-THERM-01,73,2,15,1.3071
ZW-THERM-01,73,2,16,1.1339
ZW-THERM-01,73,2,17,1.1088
ZW-THERM-01,73,2,18,1.1059
ZW-THERM-01,73,2,19,1.2080
ZW-THERM-01,73,2,20,1.1319
ZW-THERM-01,73,2,21,1.0544
ZW-THERM-01,73,2,22,1.1555
ZW-THERM-01,73,2,23,1.1007
ZW-THERM-01,73,2,24,1.1048
ZW-THERM-01,73,2,25,1.1258
ZW-THERM-01,73,2,26,1.0941
ZW-THERM-01,73,2,27,1.1220
ZW-THERM-01,73,2,28,1.2081
ZW-THERM-01,73,2,29,1.1785
ZW-THERM-01,73,2,30,1.2040
ZW-THERM-01,73,3,0,0.0207
ZW-THERM-01,73,3,1,0.0547
ZW-THERM-01,73,3,2,0.1722
ZW-THERM-01,73,3,3,0.3532
ZW-THERM-01,73,3,4,0.7016
ZW-THERM-01,73,3,5,1.0182
ZW-THERM-01,73,3,6,1.1451
ZW-THERM-01,73,3,7,1.1218
ZW-THERM-01,73,3,8,1.1236
ZW-THERM-01,73,3,9,1.1253
ZW-THERM-01,73,3,10,1.0893
ZW-THERM-01,73,3,11,1.1408
ZW-THERM-01,73,3,12,1.1181
ZW-THERM-01,73,3,13,1.1785
ZW-THERM-01,73,3,14,1.1761
ZW-THERM-01,73,3,15,1.2179
ZW-THERM-01,73,3,16,1.1273
ZW-THERM-01,73,3,17,1.1279
ZW-THERM-01,73,3,18,1.0927
ZW-THERM-01,73,3,19,1.2140
ZW-THERM-01,73,3,20,1.1285
ZW-THERM-01,73,3,21,1.1918
ZW-THERM-01,73,3,22,1.0935
ZW-THERM-01,73,3,23,1.1597
ZW-THERM-01,73,3,24,1.1953
ZW-THERM-01,73,3,25,1.1626
ZW-THERM-01,73,3,26,1.1033
ZW-THERM-01,73,3,27,1.0859
ZW-THERM-01,73,3,28,1.2075
ZW-THERM-01,73,3,29,1.0971
ZW-THERM-01,73,3,30,1.1606
ZW-THERM-01,76,1,0,0.0175
ZW-THERM-01,76,1,1,0.0444
ZW-THERM-01,76,1,2,0.0866
ZW-THERM-01,76,1,3,0.1579
ZW-THERM-01,76,1,4,0.2679
ZW-THERM-01,76,1,5,0.3967
ZW-THERM-01,76,1,6,0.6347
ZW-THERM-01,76,1,7,0.6429
ZW-THERM-01,76,1,8,0.7336
ZW-THERM-01,76,1,9,0.8081
ZW-THERM-01,76,1,10,0.7556
ZW-THERM-01,76,1,11,0.8282
ZW-THERM-01,76,1,12,0.9043
ZW-THERM-01,76,1,13,0.8498
ZW-THERM-01,76,1,14,0.8022
ZW-THERM-01,76,1,15,0.7432
ZW-THERM-01,76,1,16,0.8299
ZW-THERM-01,76,1,17,0.7780
ZW-THERM-01,76,1,18,0.7810
ZW-THERM-01,76,1,19,0.8602
ZW-THERM-01,76,1,20,0.7310
ZW-THERM-01,76,1,21,0.8094
ZW-THERM-01,76,1,22,0.8685
ZW-THERM-01,76,1,23,0.7977
ZW-THERM-01,76,1,24,0.8111
ZW-THERM-01,76,1,25,0.8947
ZW-THERM-01,76,1,26,0.7703
ZW-THERM-01,76,1,27,0.7810
ZW-THERM-01,76,1,28,0.8292
ZW-THERM-01,76,1,29,0.8436
ZW-THERM-01,76,1,30,0.8613
ZW-THERM-01,76,2,0,0.0195
ZW-THERM-01,76,2,1,0.0413
ZW-THERM-01,76,2,2,0.0952
ZW-THERM-01,76,2,3,0.1608
ZW-THERM-01,76,2,4,0.3322
ZW-THERM-01,76,2,5,0.4729
ZW-THERM-01,76,2,6,0.5678
ZW-THERM-01,76,2,7,0.6525
ZW-THERM-01,76,2,8,0.7098
ZW-THERM-01,76,2,9,0.7902
ZW-THERM-01,76,2,10,0.7931
ZW-THERM-01,76,2,11,0.8412
ZW-THERM-01,76,2,12,0.9140
ZW-THERM-01,76,2,13,0.8501
ZW-THERM-01,76,2,14,0.8024
ZW-THERM-01,76,2,15,0.8162
ZW-THERM-01,76,2,16,0.8407
ZW-THERM-01,76,2,17,0.8445
ZW-THERM-01,76,2,18,0.8622
ZW-THERM-01,76,2,19,0.7380
ZW-THERM-01,76,2,20,0.8268
ZW-THERM-01,76,2,21,0.8080
ZW-THERM-01,76,2,22,0.8646
ZW-THERM-01,76,2,23,0.7683
ZW-THERM-01,76,2,24,0.7642
ZW-THERM-01,76,2,25,0.8334
ZW-THERM-01,76,2,26,0.8153
ZW-THERM-01,76,2,27,0.8180
ZW-THERM-01,76,2,28,0.8979
ZW-THERM-01,76,2,29,0.9147
ZW-THERM-01,76,2,30,0.7958
ZW-THERM-01,76,3,0,0.0233
ZW-THERM-01,76,3,1,0.0424
ZW-THERM-01,76,3,2,0.0786
ZW-THERM-01,76,3,3,0.1639
ZW-THERM-01,76,3,4,0.3207
ZW-THERM-01,76,3,5,0.4600
ZW-THERM-01,76,3,6,0.6514
ZW-THERM-01,76,3,7,0.6761
ZW-THERM-01,76,3,8,0.7850
ZW-THERM-01,76,3,9,0.8096
ZW-THERM-01,76,3,10,0.8490
ZW-THERM-01,76,3,11,0.7648
ZW-THERM-01,76,3,12,0.8109
ZW-THERM-01,76,3,13,0.8748
ZW-THERM-01,76,3,14,0.7777
ZW-THERM-01,76,3,15,0.8364
ZW-THERM-01,76,3,16,0.7869
ZW-THERM-01,76,3,17,0.7941
ZW-THERM-01,76,3,18,0.7307
ZW-THERM-01,76,3,19,0.8049
ZW-THERM-01,76,3,20,0.8223
ZW-THERM-01,76,3,21,0.8518
ZW-THERM-01,76,3,22,0.8359
ZW-THERM-01,76,3,23,0.8346
ZW-THERM-01,76,3,24,0.7896
ZW-THERM-01,76,3,25,0.8804
ZW-THERM-01,76,3,26,0.7776
ZW-THERM-01,76,3,27,0.8336
ZW-THERM-01,76,3,28,0.7425
ZW-THERM-01,76,3,29,0.8998
ZW-THERM-01,76,3,30,0.7306
ZW-THERM-01,79,1,0,0.0229
ZW-THERM-01,79,1,1,0.0222
ZW-THERM-01,79,1,2,0.0238
ZW-THERM-01,79,1,3,0.0131
ZW-THERM-01,79,1,4,0.0200
ZW-THERM-01,79,1,5,0.0169
ZW-THERM-01,79,1,6,0.0216
ZW-THERM-01,79,1,7,0.0243
ZW-THERM-01,79,1,8,0.0200
ZW-THERM-01,79,1,9,0.0156
ZW-THERM-01,79,1,10,0.0176
ZW-THERM-01,79,1,11,0.0218
ZW-THERM-01,79,1,12,0.0208
ZW-THERM-01,79,1,13,0.0266
ZW-THERM-01,79,1,14,0.0103
ZW-THERM-01,79,1,15,0.0123
ZW-THERM-01,79,1,16,0.0198
ZW-THERM-01,79,1,17,0.0193
ZW-THERM-01,79,1,18,0.0218
ZW-THERM-01,79,1,19,0.0175
ZW-THERM-01,79,1,20,0.0275
ZW-THERM-01,79,1,21,0.0160
ZW-THERM-01,79,1,22,0.0157
ZW-THERM-01,79,1,23,0.0153
ZW-THERM-01,79,1,24,0.0190
ZW-THERM-01,79,1,25,0.0244
ZW-THERM-01,79,1,26,0.0196
ZW-THERM-01,79,1,27,0.0230
ZW-THERM-01,79,1,28,0.0158
ZW-THERM-01,79,1,29,0.0230
ZW-THERM-01,79,1,30,0.0205
ZW-THERM-01,79,2,0,0.0181
ZW-THERM-01,79,2,1,0.0253
ZW-THERM-01,79,2,2,0.0128
ZW-THERM-01,79,2,3,0.0172
ZW-THERM-01,79,2,4,0.0077
ZW-THERM-01,79,2,5,0.0181
ZW-THERM-01,79,2,6,0.0246
ZW-THERM-01,79,2,7,0.0183
ZW-THERM-01,79,2,8,0.0167
ZW-THERM-01,79,2,9,0.0242
ZW-THERM-01,79,2,10,0.0163
ZW-THERM-01,79,2,11,0.0113
ZW-THERM-01,79,2,12,0.0181
ZW-THERM-01,79,2,13,0.0139
ZW-THERM-01,79,2,14,0.0190
ZW-THERM-01,79,2,15,0.0239
ZW-THERM-01,79,2,16,0.0200
ZW-THERM-01,79,2,17,0.0163
ZW-THERM-01,79,2,18,0.0251
ZW-THERM-01,79,2,19,0.0232
ZW-THERM-01,79,2,20,0.0193
ZW-THERM-01,79,2,21,0.0297
ZW-THERM-01,79,2,22,0.0200
ZW-THERM-01,79,2,23,0.0241
ZW-THERM-01,79,2,24,0.0220
ZW-THERM-01,79,2,25,0.0192
ZW-THERM-01,79,2,26,0.0233
ZW-THERM-01,79,2,27,0.0174
ZW-THERM-01,79,2,28,0.0223
ZW-THERM-01,79,2,29,0.0173
ZW-THERM-01,79,2,30,0.0121
ZW-THERM-01,79,3,0,0.0194
ZW-THERM-01,79,3,1,0.0188
ZW-THERM-01,79,3,2,0.0219
ZW-THERM-01,79,3,3,0.0184
ZW-THERM-01,79,3,4,0.0231
ZW-THERM-01,79,3,5,0.0200
ZW-THERM-01,79,3,6,0.0222
ZW-THERM-01,79,3,7,0.0239
ZW-THERM-01,79,3,8,0.0188
ZW-THERM-01,79,3,9,0.0196
ZW-THERM-01,79,3,10,0.0217
ZW-THERM-01,79,3,11,0.0201
ZW-THERM-01,79,3,12,0.0160
ZW-THERM-01,79,3,13,0.0162
ZW-THERM-01,79,3,14,0.0239
ZW-THERM-01,79,3,15,0.0179
ZW-THERM-01,79,3,16,0.0163
ZW-THERM-01,79,3,17,0.0186
ZW-THERM-01,79,3,18,0.0137
ZW-THERM-01,79,3,19,0.0248
ZW-THERM-01,79,3,20,0.0195
ZW-THERM-01,79,3,21,0.0213
ZW-THERM-01,79,3,22,0.0111
ZW-THERM-01,79,3,23,0.0256
ZW-THERM-01,79,3,24,0.0199
ZW-THERM-01,79,3,25,0.0225
ZW-THERM-01,79,3,26,0.0173
ZW-THERM-01,79,3,27,0.0209
ZW-THERM-01,79,3,28,0.0223
ZW-THERM-01,79,3,29,0.0207
ZW-THERM-01,79,3,30,0.0212
ZW-THERM-01,82,1,0,0.0193
ZW-THERM-01,82,1,1,0.0209
ZW-THERM-01,82,1,2,0.0279
ZW-THERM-01,82,1,3,0.0156
ZW-THERM-01,82,1,4,0.0190
ZW-THERM-01,82,1,5,0.0129
ZW-THERM-01,82,1,6,0.0179
ZW-THERM-01,82,1,7,0.0153
ZW-THERM-01,82,1,8,0.0243
ZW-THERM-01,82,1,9,0.0213
ZW-THERM-01,82,1,10,0.0113
ZW-THERM-01,82,1,11,0.0207
ZW-THERM-01,82,1,12,0.0221
ZW-THERM-01,82,1,13,0.0149
ZW-THERM-01,82,1,14,0.0258
ZW-THERM-01,82,1,15,0.0203
ZW-THERM-01,82,1,16,0.0192
ZW-THERM-01,82,1,17,0.0190
ZW-THERM-01,82,1,18,0.0152
ZW-THERM-01,82,1,19,0.0197
ZW-THERM-01,82,1,20,0.0242
ZW-THERM-01,82,1,21,0.0187
ZW-THERM-01,82,1,22,0.0198
ZW-THERM-01,82,1,23,0.0275
ZW-THERM-01,82,1,24,0.0171
ZW-THERM-01,82,1,25,0.0187
ZW-THERM-01,82,1,26,0.0164
ZW-THERM-01,82,1,27,0.0212
ZW-THERM-01,82,1,28,0.0238
ZW-THERM-01,82,1,29,0.0171
ZW-THERM-01,82,1,30,0.0200
ZW-THERM-01,82,2,0,0.0239
ZW-THERM-01,82,2,1,0.0203
ZW-THERM-01,82,2,2,0.0270
ZW-THERM-01,82,2,3,0.0153
ZW-THERM-01,82,2,4,0.0174
ZW-THERM-01,82,2,5,0.0224
ZW-THERM-01,82,2,6,0.0260
ZW-THERM-01,82,2,7,0.0159
ZW-THERM-01,82,2,8,0.0185
ZW-THERM-01,82,2,9,0.0251
ZW-THERM-01,82,2,10,0.0166
ZW-THERM-01,82,2,11,0.0208
ZW-THERM-01,82,2,12,0.0195
ZW-THERM-01,82,2,13,0.0159
ZW-THERM-01,82,2,14,0.0215
ZW-THERM-01,82,2,15,0.0190
ZW-THERM-01,82,2,16,0.0232
ZW-THERM-01,82,2,17,0.0213
ZW-THERM-01,82,2,18,0.0224
ZW-THERM-01,82,2,19,0.0207
ZW-THERM-01,82,2,20,0.0122
ZW-THERM-01,82,2,21,0.0199
ZW-THERM-01,82,2,22,0.0279
ZW-THERM-01,82,2,23,0.0179
ZW-THERM-01,82,2,24,0.0223
ZW-THERM-01,82,2,25,0.0250
ZW-THERM-01,82,2,26,0.0144
ZW-THERM-01,82,2,27,0.0239
ZW-THERM-01,82,2,28,0.0112
ZW-THERM-01,82,2,29,0.0178
ZW-THERM-01,82,2,30,0.0129
ZW-THERM-01,82,3,0,0.0170
ZW-THERM-01,82,3,1,0.0265
ZW-THERM-01,82,3,2,0.0185
ZW-THERM-01,82,3,3,0.0192
ZW-THERM-01,82,3,4,0.0217
ZW-THERM-01,82,3,5,0.0193
ZW-THERM-01,82,3,6,0.0142
ZW-THERM-01,82,3,7,0.0200
ZW-THERM-01,82,3,8,0.0216
ZW-THERM-01,82,3,9,0.0196
ZW-THERM-01,82,3,10,0.0144
ZW-THERM-01,82,3,11,0.0152
ZW-THERM-01,82,3,12,0.0153
ZW-THERM-01,82,3,13,0.0250
ZW-THERM-01,82,3,14,0.0160
ZW-THERM-01,82,3,15,0.0274
ZW-THERM-01,82,3,16,0.0184
ZW-THERM-01,82,3,17,0.0181
ZW-THERM-01,82,3,18,0.0236
ZW-THERM-01,82,3,19,0.0199
ZW-THERM-01,82,3,20,0.0193
ZW-THERM-01,82,3,21,0.0177
ZW-THERM-01,82,3,22,0.0234
ZW-THERM-01,82,3,23,0.0184
ZW-THERM-01,82,3,24,0.0221
ZW-THERM-01,82,3,25,0.0218
ZW-THERM-01,82,3,26,0.0181
ZW-THERM-01,82,3,27,0.0237
ZW-THERM-01,82,3,28,0.0138
ZW-THERM-01,82,3,29,0.0149
ZW-THERM-01,82,3,30,0.0228
